Threshold,Pedal,Error %,Precision,Recall,False Positives,False Negatives,True Positives,True Negatives,Total Samples,FP %,FN %
0,Upper Left,0.04089130155498357,0.6242361007601729,0.6579732914375491,2521,2177,4188,11480110,11488996,0.021942735466179985,0.018948566088803583
0,Upper Right,2.332031449919558,0.08562607569332316,0.701628380343123,257666,10261,24129,11196940,11488996,2.2427199034624086,0.08931154645714909
0,Lower Left,0.048951187727804935,0.0893909626719057,0.046052631578947366,1854,3770,182,11483190,11488996,0.01613718030713911,0.03281400742066583
0,Lower Right,1.6165033045533308,0.20001954607123967,0.4276530888173259,139155,46565,34793,11268483,11488996,1.2112024410139928,0.405300863539338
0,Total,1.0095943109389194,0.13626186252389727,0.502058461904573,401196,62773,63292,45428723,45955984,0.8730005650624302,0.13659374587648912
250,Upper Left,0.035776262201965545,0.6230982019363762,0.8965174129353234,545,104,901,1812502,1814052,0.030043240215826227,0.0057330219861393165
250,Upper Right,0.11664494733337302,0.8170685036356679,0.7863720073664825,956,1160,4270,1807666,1814052,0.05269970210335757,0.06394524523001546
250,Lower Left,0.052865077737573124,0.10772833723653395,0.07371794871794872,381,578,46,1813047,1814052,0.021002705545375765,0.031862372192197355
250,Lower Right,1.0192100336704792,0.36482537249077757,0.5927915304374902,13258,5231,7615,1787948,1814052,0.7308500528099525,0.28835998086052655
250,Total,0.3061240802358477,0.45874445874445874,0.6446621451896508,15140,7073,12832,7221163,7256208,0.20864892516862804,0.09747515506721968
500,Upper Left,0.034453257128241085,0.634180790960452,0.8935323383084577,518,107,898,1812529,1814052,0.02855485950788621,0.005898397620354875
500,Upper Right,0.11708594902461451,0.8181293302540416,0.7828729281767955,945,1179,4251,1807677,1814052,0.052093324777900525,0.064992624246714
500,Lower Left,0.05264457689195238,0.09535452322738386,0.0625,370,585,39,1813058,1814052,0.020396328219918724,0.03224824867203366
500,Lower Right,0.8692143334369687,0.41719564724552255,0.5730188385489646,10283,5485,7361,1790923,1814052,0.566852548879525,0.3023617845574438
500,Total,0.2683495291204442,0.5087776201094668,0.6304446119065561,12116,7356,12549,7224187,7256208,0.1669742653463076,0.10137526377413657
750,Upper Left,0.03368150416856849,0.6409155937052933,0.891542288557214,502,109,896,1812545,1814052,0.027672856125403242,0.006008648043165246
750,Upper Right,0.11692057339039895,0.8194632168372272,0.7815837937384899,935,1186,4244,1807687,1814052,0.051542072663848665,0.0653785007265503
750,Lower Left,0.05192794914368497,0.09644670050761421,0.060897435897435896,356,586,38,1813072,1814052,0.01962457526024612,0.032303373883438846
750,Lower Right,0.7872982692888627,0.4547174571140262,0.5612642067569672,8646,5636,7210,1792560,1814052,0.47661257780923594,0.3106856914796268
750,Total,0.2474570739978788,0.542690673325448,0.62235619191158,10439,7517,12388,7225864,7256208,0.1438630204646835,0.1035940535331953
1000,Upper Left,0.03687876643006926,0.6142857142857143,0.8985074626865671,189,34,301,604160,604684,0.031255994866740314,0.0056227715633289455
1000,Upper Right,0.11609369521932117,0.8180252583237658,0.787292817679558,317,385,1425,602557,604684,0.05242407604633164,0.06366961917298952
1000,Lower Left,0.05391245675427165,0.10666666666666667,0.07692307692307693,134,192,16,604342,604684,0.022160334984884667,0.031752121769386986
1000,Lower Right,0.9884501657063856,0.3798383666524883,0.6256422232601588,4374,1603,2679,596028,604684,0.7233530240588473,0.2650971416475382
1000,Total,0.2988337710275119,0.4685744568097509,0.6663149962321024,5014,2214,4421,2407087,2418736,0.207298357489201,0.09153541353831092
1250,Upper Left,0.035721136990560357,0.6231884057971014,0.8985074626865671,182,34,301,604167,604684,0.030098365427231412,0.0056227715633289455
1250,Upper Right,0.11609369521932117,0.8183908045977012,0.7867403314917127,316,386,1424,602558,604684,0.05225870041211608,0.06383499480720509
1250,Lower Left,0.0517625735094694,0.11678832116788321,0.07692307692307693,121,192,16,604355,604684,0.020010451740082424,0.031752121769386986
1250,Lower Right,0.851519140575904,0.427617298380364,0.5980850070060719,3428,1721,2561,596974,604684,0.5669076740909301,0.284611466484974
1250,Total,0.26377413657381377,0.5152712899748473,0.6483798040693293,4047,2333,4302,2408054,2418736,0.16731879791759002,0.09645533865622374
1500,Upper Left,0.0343981319168359,0.6348195329087049,0.8925373134328358,172,36,299,604177,604684,0.028444609085075838,0.005953522831760059
1500,Upper Right,0.11609369521932117,0.8198614318706697,0.7845303867403315,312,390,1420,602562,604684,0.051597197875253846,0.06449649734406732
1500,Lower Left,0.05093569533839163,0.109375,0.0673076923076923,114,194,14,604362,604684,0.018852822300573523,0.0320828730378181
1500,Lower Right,0.7357561966250141,0.4834751632693449,0.570527790751985,2610,1839,2443,597792,604684,0.4316304053026044,0.30412579132240974
1500,Total,0.2342959297748907,0.5655471289274107,0.6293896006028636,3208,2459,4176,2408893,2418736,0.13263125864087688,0.1016646711340138
1750,Upper Left,0.033240502477327,0.6443965517241379,0.8925373134328358,165,36,299,604184,604684,0.02728697964556694,0.005953522831760059
1750,Upper Right,0.1155975683166745,0.821283979178716,0.7845303867403315,309,390,1420,602565,604684,0.051101070972607174,0.06449649734406732
1750,Lower Left,0.04944731463045161,0.11764705882352941,0.0673076923076923,105,194,14,604371,604684,0.017364441592633506,0.0320828730378181
1750,Lower Right,0.6576988972752711,0.5344166102459942,0.5530126109294722,2063,1914,2368,598339,604684,0.34116993338669455,0.3165289638885765
1750,Total,0.21399607067493104,0.6081862672401008,0.6180859080633007,2642,2534,4101,2409459,2418736,0.10923060639937553,0.1047654642755555
2000,Upper Left,0.03274437557468033,0.6492374727668845,0.8895522388059701,161,37,298,604188,604684,0.026625477108704713,0.006118898465975617
2000,Upper Right,0.11609369521932117,0.8209733487833141,0.7828729281767955,309,393,1417,602565,604684,0.051101070972607174,0.064992624246714
2000,Lower Left,0.04911656336202049,0.11965811965811966,0.0673076923076923,103,194,14,604373,604684,0.017033690324202395,0.0320828730378181
2000,Lower Right,0.6522415013461577,0.5400663821716454,0.5319943951424568,1940,2004,2278,598462,604684,0.320828730378181,0.33141277096797667
2000,Total,0.21254903387554494,0.6145705521472392,0.6039186134137151,2513,2628,4007,2409588,2418736,0.10389724219592382,0.1086517916796211
2250,Upper Left,0.032413624306249215,0.6527472527472528,0.8865671641791045,158,38,297,604191,604684,0.02612935020605804,0.006284274100191174
2250,Upper Right,0.11708594902461451,0.8207217694994179,0.7790055248618785,308,400,1410,602566,604684,0.05093569533839163,0.06615025368622289
2250,Lower Left,0.04911656336202049,0.11304347826086956,0.0625,102,195,13,604374,604684,0.016868314689986837,0.03224824867203366
2250,Lower Right,0.6358693135588175,0.5539372994322389,0.5240541802895843,1807,2038,2244,598595,604684,0.2988337710275119,0.33703554253130563
2250,Total,0.2086213625629254,0.6253352263764,0.5974378296910324,2375,2671,3964,2409726,2418736,0.0981917828154871,0.11042957974743833
2500,Upper Left,0.03075986796409364,0.6681715575620768,0.8835820895522388,147,39,296,604202,604684,0.024310218229686913,0.006449649734406731
2500,Upper Right,0.11824357846412341,0.820738137082601,0.7740331491712708,306,409,1401,602568,604684,0.050604944069960515,0.0676386343941629
2500,Lower Left,0.04977806589888272,0.08108108108108109,0.04326923076923077,102,199,9,604374,604684,0.016868314689986837,0.03290975120889588
2500,Lower Right,0.630411917629704,0.5616474291710388,0.5,1671,2141,2141,598731,604684,0.2763426847741961,0.354069232855508
2500,Total,0.207298357489201,0.6334595751687798,0.5798040693293143,2226,2788,3847,2409875,2418736,0.0920315404409576,0.11526681704824339
2750,Upper Left,0.030098365427231412,0.6742596810933941,0.8835820895522388,143,39,296,604206,604684,0.023648715692824684,0.006449649734406731
2750,Upper Right,0.11840895409833897,0.8213866039952996,0.7723756906077348,304,412,1398,602570,604684,0.050274192801529394,0.06813476129680958
2750,Lower Left,0.04994344153309828,0.07272727272727272,0.038461538461538464,102,200,8,604374,604684,0.016868314689986837,0.033075126843111445
2750,Lower Right,0.6279312831164707,0.5648222400427693,0.49346099953292855,1628,2169,2113,598774,604684,0.26923153250292714,0.3586997506135436
2750,Total,0.20659551104378485,0.6366822429906542,0.5749811605124341,2177,2820,3815,2409924,2418736,0.09000568892181701,0.11658982212196783
3000,Upper Left,0.028775360353506953,0.6867749419953596,0.8835820895522388,135,39,296,604214,604684,0.022325710619100225,0.006449649734406731
3000,Upper Right,0.12105496424578788,0.8208333333333333,0.7618784530386741,301,431,1379,602573,604684,0.04977806589888272,0.07127689834690516
3000,Lower Left,0.04994344153309828,0.07272727272727272,0.038461538461538464,102,200,8,604374,604684,0.016868314689986837,0.033075126843111445
3000,Lower Right,0.6279312831164707,0.5657716300515324,0.48715553479682394,1601,2196,2086,598801,604684,0.2647663903791071,0.36316489273736363
3000,Total,0.20692626231221597,0.6379485443466486,0.5680482290881688,2139,2866,3769,2409962,2418736,0.08843462039676922,0.11849164191544675
5000,Upper Left,0.04139903376529449,0.8802395209580839,0.29253731343283584,40,711,294,1813007,1814052,0.0022050084562074295,0.03919402530908706
5000,Upper Right,0.1804799421405781,0.8009491903964265,0.5283609576427256,713,2561,2869,1807909,1814052,0.03930427573189743,0.14117566640868068
5000,Lower Left,0.04321816574166562,0.012195121951219513,0.003205128205128205,162,622,2,1813266,1814052,0.008930284247640089,0.03428788149402553
5000,Lower Right,0.6836077466357083,0.5704783021856192,0.14019928382375837,1356,11045,1801,1799850,1814052,0.07474978666543186,0.6088579599702765
5000,Total,0.23717622207081165,0.6861959375431809,0.249485054006531,2271,14939,4966,7234032,7256208,0.031297338775294205,0.20587888329551743
10000,Upper Left,0.055400837462211666,0.0,0.0,0,335,0,604349,604684,0.0,0.055400837462211666
10000,Upper Right,0.16934464943673058,0.8084772370486656,0.569060773480663,244,780,1030,602630,604684,0.04035165474859596,0.12899299468813463
10000,Lower Left,0.04729743138564937,0.0,0.0,78,208,0,604398,604684,0.012899299468813461,0.0343981319168359
10000,Lower Right,0.6515799988092955,0.6696428571428571,0.1576366184026156,333,3607,675,600069,604684,0.05507008619378055,0.5965099126155149
10000,Total,0.23090572927347178,0.722457627118644,0.2569706103993971,655,4930,1705,2411446,2418736,0.027080260102797495,0.2038254691706743
15000,Upper Left,0.055400837462211666,0.0,0.0,0,335,0,604349,604684,0.0,0.055400837462211666
15000,Upper Right,0.17480204536584396,0.805352798053528,0.5486187845303867,240,817,993,602634,604684,0.039690152211733734,0.13511189315411024
15000,Lower Left,0.04514754814084712,0.0,0.0,65,208,0,604411,604684,0.010749416224011219,0.0343981319168359
15000,Lower Right,0.7175648768613028,0.03278688524590164,0.00046707146193367583,59,4280,2,600343,604684,0.009757162418717876,0.707807714442585
15000,Total,0.24822882695755139,0.7321559970566593,0.14996232102486812,364,5640,995,2411737,2418736,0.015049182713615706,0.23317964424393567
20000,Upper Left,0.055400837462211666,0.0,0.0,0,335,0,604349,604684,0.0,0.055400837462211666
20000,Upper Right,0.17711730424486177,0.8051197357555739,0.5386740331491713,236,835,975,602638,604684,0.039028649674871504,0.13808865456999028
20000,Lower Left,0.0343981319168359,0.0,0.0,0,208,0,604476,604684,0.0,0.0343981319168359
20000,Lower Right,0.7142573641769916,0.0,0.0,37,4282,0,600365,604684,0.006118898465975617,0.708138465711016
20000,Total,0.24529340945022524,0.78125,0.146948003014318,273,5660,975,2411828,2418736,0.01128688703521178,0.23400652241501346
25000,Upper Left,0.055400837462211666,0.0,0.0,0,335,0,604349,604684,0.0,0.055400837462211666
25000,Upper Right,0.2060580402325843,0.7895277207392197,0.4248618784530387,205,1041,769,602669,604684,0.03390200501418923,0.17215603521839506
25000,Lower Left,0.0343981319168359,0.0,0.0,0,208,0,604476,604684,0.0,0.0343981319168359
25000,Lower Right,0.7132651103716983,0.0,0.0,31,4282,0,600371,604684,0.005126644660682274,0.708138465711016
25000,Total,0.25228052999583256,0.7651741293532338,0.11590052750565184,236,5866,769,2411865,2418736,0.009757162418717876,0.24252336757711468
30000,Upper Left,0.055400837462211666,0.0,0.0,0,335,0,604349,604684,0.0,0.055400837462211666
30000,Upper Right,0.22143797421463113,0.9700598802395209,0.26850828729281767,15,1324,486,602859,604684,0.0024806345132333584,0.21895733970139775
30000,Lower Left,0.0343981319168359,0.0,0.0,0,208,0,604476,604684,0.0,0.0343981319168359
30000,Lower Right,0.708138465711016,0.0,0.0,0,4282,0,600402,604684,0.0,0.708138465711016
30000,Total,0.2548438523261737,0.9700598802395209,0.07324792765636774,15,6149,486,2412086,2418736,0.0006201586283083396,0.25422369369786535
