sw_epoch_ms,wrist_position,sensor_type,value_X_Axis,value_Y_Axis,value_Z_Axis,server_epoch_ms
1708598105243,left,acc,-1.5538369417190552,5.214571475982666,8.063671112060547,1719962220859156500
1708598105244,left,acc,-1.5155296325683594,5.2265424728393555,8.008605003356934,1719962220876234500
1708598105245,left,acc,-1.6280571222305298,5.193023681640625,8.003816604614258,1719962220883759100
1708598105245,left,acc,-1.6280571222305298,5.12119722366333,8.04691219329834,1719962220889779800
1708598105245,left,acc,-1.5634137392044067,5.250484466552734,8.063671112060547,1719962220895734800
1708598105246,left,acc,-1.5825673341751099,5.195417881011963,8.224082946777344,1719962220903262500
1708598105246,left,acc,-1.5849615335464478,5.264849662780762,8.087613105773926,1719962220911349000
1708598105390,left,acc,-1.5059528350830078,5.178658485412598,8.037335395812988,1719962220916869600
1708598105391,left,acc,-1.4772224426269531,5.157110691070557,8.032546997070312,1719962220923391800
1708598105391,left,acc,-1.5466543436050415,5.2672438621521,8.099584579467773,1719962220932901000
1708598105392,left,acc,-1.6519991159439087,5.228936672210693,8.018181800842285,1719962220938421600
1708598105392,left,acc,-1.625662922859192,5.190629482269287,7.929595947265625,1719962220944482200
1708598105392,left,acc,-1.599326729774475,5.22175407409668,7.967903137207031,1719962220950504900
1708598105393,left,acc,-1.625662922859192,5.2480902671813965,8.001421928405762,1719962220956025500
1708598105437,left,acc,-1.479616641998291,5.233725070953369,7.987056732177734,1719962220962219300
1708598105438,left,acc,-1.5179238319396973,5.264849662780762,8.056488990783691,1719962220967737100
1708598105449,left,acc,-1.5682021379470825,5.2480902671813965,8.078036308288574,1719962220976161500
1708598105464,left,acc,-1.580173134803772,5.2480902671813965,7.939172744750977,1719962220983188800
1708598105483,left,acc,-1.6041151285171509,5.331887245178223,8.061277389526367,1719962220993379500
1708598105503,left,acc,-1.6424223184585571,5.231330871582031,7.9415669441223145,1719962220998899400
1708598105523,left,acc,-1.6831238269805908,5.30076265335083,7.987056732177734,1719962221005421200
1708598105542,left,acc,-1.5753847360610962,5.243301868438721,8.030152320861816,1719962221011457900
1708598105569,left,acc,-1.5873557329177856,5.2911858558654785,8.188169479370117,1719962221016476500
1708598105583,left,acc,-1.6376339197158813,5.243301868438721,8.111555099487305,1719962221024613300
1708598105605,left,acc,-1.6041151285171509,5.243301868438721,8.123526573181152,1719962221032640500
1708598105623,left,acc,-1.4915876388549805,5.183446884155273,8.054094314575195,1719962221038160700
1708598105643,left,acc,-1.5729905366897583,5.2049946784973145,8.022970199584961,1719962221044183500
1708598105664,left,acc,-1.53707754611969,5.30076265335083,8.063671112060547,1719962221053714800
1708598105683,left,acc,-1.5682021379470825,5.319916248321533,8.106766700744629,1719962221055894600
1708598105703,left,acc,-1.5849615335464478,5.216965675354004,7.951143741607666,1719962221070935200
1708598105723,left,acc,-1.6160861253738403,5.171475887298584,8.061277389526367,1719962221070935200
1708598105743,left,acc,-1.644816517829895,5.185841083526611,8.02536392211914,1719962221070935200
1708598105764,left,acc,-1.6208745241165161,5.281609058380127,8.068459510803223,1719962221086613400
1708598105783,left,acc,-1.6089035272598267,5.284003257751465,7.955932140350342,1719962221086613400
1708598105804,left,acc,-1.5658079385757446,5.329493045806885,8.097189903259277,1719962221102236600
1708598105823,left,acc,-1.6543933153152466,5.173870086669922,7.936778545379639,1719962221102236600
1708598105843,left,acc,-1.6735470294952393,5.240907669067383,7.898471355438232,1719962221102236600
1708598105865,left,acc,-1.6687586307525635,5.231330871582031,7.903259754180908,1719962221117854900
1708598105884,left,acc,-1.5945383310317993,5.228936672210693,7.994239330291748,1719962221117854900
1708598105904,left,acc,-1.5275006294250488,5.279214859008789,8.212111473083496,1719962221133487700
1708598105924,left,acc,-1.577778935432434,5.233725070953369,8.058882713317871,1719962221133487700
1708598105944,left,acc,-1.5514427423477173,5.288791656494141,8.24084186553955,1719962221133487700
1708598105965,left,acc,-1.6352397203445435,5.149928092956543,7.996633529663086,1719962221149105200
1708598105985,left,acc,-1.6496049165725708,5.274426460266113,8.061277389526367,1719962221149105200
1708598106004,left,acc,-1.6424223184585571,5.236119270324707,7.91283655166626,1719962221164737800
1708598106024,left,acc,-1.6304513216018677,5.200206279754639,8.070854187011719,1719962221164737800
1708598106044,left,acc,-1.5298948287963867,5.236119270324707,7.951143741607666,1719962221180361000
1708598106065,left,acc,-1.5753847360610962,5.197812080383301,7.879317760467529,1719962221180361000
1708598106084,left,acc,-1.6136919260025024,5.20978307723999,7.960720539093018,1719962221195986000
1708598106104,left,acc,-1.6352397203445435,5.169081687927246,8.08282470703125,1719962221211617900
1708598106124,left,acc,-1.6496049165725708,5.238513469696045,8.044517517089844,1719962221211617900
1708598106144,left,acc,-1.5705963373184204,5.298368453979492,8.092401504516602,1719962221227235200
1708598106166,left,acc,-1.4844050407409668,5.216965675354004,7.95832633972168,1719962221227235200
1708598106184,left,acc,-1.5203180313110352,5.274426460266113,8.034940719604492,1719962221242854300
1708598106205,left,acc,-1.6400281190872192,5.231330871582031,8.159439086914062,1719962221242854300
1708598106225,left,acc,-1.558625340461731,5.216965675354004,8.176198959350586,1719962221258484200
1708598106245,left,acc,-1.659181833267212,5.200206279754639,8.02536392211914,1719962221258484200
1708598106266,left,acc,-1.6184803247451782,5.238513469696045,8.10437297821045,1719962221282384600
1708598106285,left,acc,-1.6136919260025024,5.1595048904418945,7.994239330291748,1719962221293932100
1708598106305,left,acc,-1.6065093278884888,5.2911858558654785,8.166622161865234,1719962221301965300
1708598106325,left,acc,-1.5945383310317993,5.2049946784973145,7.977479934692383,1719962221307652900
1708598106346,left,acc,-1.4173674583435059,5.214571475982666,8.030152320861816,1719962221320700300
1708598106366,left,acc,-1.534683346748352,5.17626428604126,7.982268333435059,1719962221320700300
1708598106385,left,acc,-1.5298948287963867,5.1331682205200195,7.91283655166626,1719962221336404400
1708598106407,left,acc,-1.5945383310317993,5.219359874725342,8.01339340209961,1719962221353842600
1708598106426,left,acc,-1.7190368175506592,5.2049946784973145,7.922413349151611,1719962221357303000
1708598106446,left,acc,-1.7693150043487549,5.260061264038086,7.977479934692383,1719962221373735600
1708598106467,left,acc,-1.656787633895874,5.260061264038086,8.068459510803223,1719962221373735600
1708598106486,left,acc,-1.6089035272598267,5.178658485412598,7.982268333435059,1719962221390516500
1708598106506,left,acc,-1.5083470344543457,5.2480902671813965,8.030152320861816,1719962221440743500
1708598106526,left,acc,-1.558625340461731,5.293580055236816,8.037335395812988,1719962221457137700
1708598106546,left,acc,-1.5945383310317993,5.17626428604126,8.070854187011719,1719962221457137700
1708598106568,left,acc,-1.6639702320098877,5.140350818634033,8.022970199584961,1719962221473771100
1708598106586,left,acc,-1.625662922859192,5.236119270324707,8.061277389526367,1719962221490976600
1708598106606,left,acc,-1.6424223184585571,5.173870086669922,8.044517517089844,1719962221509046400
1708598106626,left,acc,-1.623268723487854,5.250484466552734,8.027758598327637,1719962221516578100
1708598106648,left,acc,-1.599326729774475,5.2672438621521,8.015787124633789,1719962221524655000
1708598106667,left,acc,-1.5490485429763794,5.1595048904418945,8.02536392211914,1719962221534286400
1708598106687,left,acc,-1.5394717454910278,5.20978307723999,8.001421928405762,1719962221543837100
1708598106706,left,acc,-1.6089035272598267,5.252878665924072,8.030152320861816,1719962221553934100
1708598106726,left,acc,-1.5969325304031372,5.2480902671813965,7.9415669441223145,1719962221562075800
1708598106746,left,acc,-1.6400281190872192,5.25527286529541,7.915230751037598,1719962221569607100
1708598106768,left,acc,-1.6280571222305298,5.202600479125977,7.86734676361084,1719962221579219600
1708598106787,left,acc,-1.6519991159439087,5.22175407409668,7.833827972412109,1719962221589260900
1708598106807,left,acc,-1.6831238269805908,5.142745018005371,8.003816604614258,1719962221598870500
1708598106827,left,acc,-1.5442601442337036,5.243301868438721,8.188169479370117,1719962221606477100
1708598106847,left,acc,-1.482010841369629,5.3342814445495605,8.312667846679688,1719962221614583100
1708598106868,left,acc,-1.5203180313110352,5.102043628692627,7.939172744750977,1719962221624213800
1708598106887,left,acc,-1.4628572463989258,5.260061264038086,8.092401504516602,1719962221631745200
1708598106907,left,acc,-1.6136919260025024,5.260061264038086,8.003816604614258,1719962221640162900
1708598106927,left,acc,-1.5753847360610962,5.212177276611328,7.905653953552246,1719962221649417200
1708598106947,left,acc,-1.6041151285171509,5.2265424728393555,8.08043098449707,1719962221657043300
1708598106968,left,acc,-1.5610195398330688,5.281609058380127,7.843404769897461,1719962221665093400
1708598106987,left,acc,-1.6496049165725708,5.257667064666748,7.94635534286499,1719962221674654200
1708598107008,left,acc,-1.6328455209732056,5.1810526847839355,7.86734676361084,1719962221684695100
1708598107027,left,acc,-1.656787633895874,5.331887245178223,8.101978302001953,1719962221694878400
1708598107048,left,acc,-1.659181833267212,5.2265424728393555,8.056488990783691,1719962221704131800
1708598107069,left,acc,-1.702277421951294,5.497087001800537,7.723694801330566,1719962221716006000
1708598107095,left,acc,-1.6735470294952393,5.463568210601807,7.977479934692383,1719962221723666200
1708598107108,left,acc,-1.6208745241165161,5.523423194885254,8.17380428314209,1719962221733206100
1708598107129,left,acc,-1.5131354331970215,5.044582843780518,8.008605003356934,1719962221741362600
1708598107149,left,acc,-1.5969325304031372,5.2672438621521,7.972691535949707,1719962221751403300
1708598107169,left,acc,-1.6879122257232666,5.22175407409668,8.166622161865234,1719962221761025100
1708598107188,left,acc,-1.6328455209732056,4.965574264526367,8.034940719604492,1719962221768555900
1708598107209,left,acc,-1.5705963373184204,5.080495834350586,8.030152320861816,1719962221778699200
1708598107228,left,acc,-1.7597382068634033,5.726930618286133,7.73087739944458,1719962221786230100
1708598107248,left,acc,-1.7477672100067139,5.281609058380127,7.841010570526123,1719962221796377400
1708598107269,left,acc,-1.4915876388549805,5.149928092956543,8.233659744262695,1719962221805916700
1708598107289,left,acc,-1.501164436340332,5.386953830718994,7.972691535949707,1719962221813572100
1708598107309,left,acc,-1.5155296325683594,5.252878665924072,7.996633529663086,1719962221821102800
1708598107329,left,acc,-1.5897499322891235,5.245696067810059,8.08282470703125,1719962221831714400
1708598107349,left,acc,-1.6639702320098877,5.3342814445495605,8.006210327148438,1719962221840375500
1708598107370,left,acc,-1.7046716213226318,5.310339450836182,8.070854187011719,1719962221840375500
1708598107389,left,acc,-1.7070658206939697,5.224148273468018,7.953537940979004,1719962221856927800
1708598107409,left,acc,-1.577778935432434,5.240907669067383,8.200140953063965,1719962221857113200
1708598107429,left,acc,-1.5155296325683594,5.307945251464844,7.975085735321045,1719962221873762600
1708598107449,left,acc,-1.522712230682373,5.25527286529541,8.135497093200684,1719962221873762600
1708598107470,left,acc,-1.5705963373184204,5.17626428604126,7.905653953552246,1719962221890477800
1708598107489,left,acc,-1.6879122257232666,5.286397457122803,7.994239330291748,1719962221890477800
1708598107509,left,acc,-1.6089035272598267,5.262455463409424,7.989450931549072,1719962221907140300
1708598107529,left,acc,-1.6280571222305298,5.30076265335083,7.960720539093018,1719962221922815800
1708598107549,left,acc,-1.5298948287963867,5.212177276611328,8.003816604614258,1719962221923768300
1708598107570,left,acc,-1.522712230682373,5.351040840148926,8.003816604614258,1719962221923768300
1708598107589,left,acc,-1.5490485429763794,5.274426460266113,7.939172744750977,1719962221940440900
1708598107610,left,acc,-1.6639702320098877,5.260061264038086,7.977479934692383,1719962221957198200
1708598107629,left,acc,-1.6950948238372803,5.286397457122803,7.939172744750977,1719962221957198200
1708598107650,left,acc,-1.6424223184585571,5.2672438621521,7.936778545379639,1719962221973787400
1708598107672,left,acc,-1.6759412288665771,5.260061264038086,7.95832633972168,1719962221973787400
1708598107690,left,acc,-1.601720929145813,5.25527286529541,8.030152320861816,1719962221990441900
1708598107710,left,acc,-1.534683346748352,5.3582234382629395,8.142680168151855,1719962221990441900
1708598107730,left,acc,-1.5275006294250488,5.169081687927246,8.092401504516602,1719962222007097000
1708598107750,left,acc,-1.6376339197158813,5.252878665924072,8.066065788269043,1719962222023923600
1708598107771,left,acc,-1.702277421951294,5.2696380615234375,7.982268333435059,1719962222023923600
1708598107790,left,acc,-2.011129379272461,5.5114521980285645,7.891288757324219,1719962222040541600
1708598107811,left,acc,-1.6663644313812256,5.214571475982666,7.869740962982178,1719962222062237500
1708598107831,left,acc,-1.6208745241165161,5.315127849578857,7.757213592529297,1719962222074579900
1708598107852,left,acc,-1.5705963373184204,5.535394191741943,7.881711959838867,1719962222079656500
1708598107873,left,acc,-1.256955862045288,5.145139217376709,8.11634349822998,1719962222092376100
1708598107892,left,acc,-1.5825673341751099,5.432443618774414,7.908048152923584,1719962222107678500
1708598107912,left,acc,-1.6615760326385498,5.243301868438721,7.8960771560668945,1719962222107678500
1708598107931,left,acc,-1.8076223134994507,5.286397457122803,7.898471355438232,1719962222124256900
1708598107951,left,acc,-1.7381904125213623,5.442020416259766,7.9631147384643555,1719962222124256900
1708598107972,left,acc,-1.6711528301239014,5.236119270324707,7.862558364868164,1719962222141810000
1708598107991,left,acc,-1.6615760326385498,5.252878665924072,7.979874134063721,1719962222157123200
1708598108011,left,acc,-1.7836803197860718,5.398924827575684,8.070854187011719,1719962222165227700
1708598108033,left,acc,-1.5921441316604614,5.085284233093262,8.066065788269043,1719962222174737100
1708598108051,left,acc,-1.4317326545715332,4.999093055725098,8.056488990783691,1719962222182701200
1708598108072,left,acc,-1.6639702320098877,5.317522048950195,7.977479934692383,1719962222189701600
1708598108092,left,acc,-1.7166426181793213,5.377377033233643,7.951143741607666,1719962222190701300
1708598108112,left,acc,-1.702277421951294,5.12119722366333,7.920019149780273,1719962222206411800
1708598108133,left,acc,-1.699883222579956,5.1810526847839355,8.044517517089844,1719962222206411800
1708598108151,left,acc,-1.7286136150360107,5.57370138168335,7.85537576675415,1719962222222031400
1708598108173,left,acc,-1.8052281141281128,5.322310447692871,7.898471355438232,1719962222237699400
1708598108192,left,acc,-1.5897499322891235,5.214571475982666,8.08282470703125,1719962222237699400
1708598108212,left,acc,-1.623268723487854,5.25527286529541,7.9846625328063965,1719962222253324700
1708598108232,left,acc,-1.7310078144073486,5.274426460266113,7.955932140350342,1719962222253324700
1708598108252,left,acc,-1.6304513216018677,5.252878665924072,7.8529815673828125,1719962222268941600
1708598108273,left,acc,-1.659181833267212,5.305551052093506,7.927201747894287,1719962222268941600
1708598108292,left,acc,-1.6160861253738403,5.276820659637451,8.022970199584961,1719962222294041600
1708598108313,left,acc,-1.6160861253738403,5.2049946784973145,7.929595947265625,1719962222303599100
1708598108333,left,acc,-1.6687586307525635,5.252878665924072,7.9631147384643555,1719962222315671300
1708598108353,left,acc,-1.7190368175506592,5.200206279754639,8.135497093200684,1719962222331390200
1708598108374,left,acc,-1.6974890232086182,5.20978307723999,8.044517517089844,1719962222331390200
1708598108393,left,acc,-1.7046716213226318,5.343858242034912,8.238448143005371,1719962222347056500
1708598108413,left,acc,-1.6400281190872192,5.252878665924072,7.833827972412109,1719962222347056500
1708598108433,left,acc,-1.623268723487854,5.3127336502075195,7.908048152923584,1719962222362689600
1708598108453,left,acc,-1.5729905366897583,5.157110691070557,7.91283655166626,1719962222362689600
1708598108474,left,acc,-1.6304513216018677,5.200206279754639,8.015787124633789,1719962222378269700
1708598108493,left,acc,-1.5466543436050415,5.243301868438721,8.066065788269043,1719962222378269700
1708598108512,left,acc,-1.5729905366897583,5.331887245178223,7.9415669441223145,1719962222393935500
1708598108533,left,acc,-1.778891921043396,5.341464042663574,7.936778545379639,1719962222409566400
1708598108553,left,acc,-1.7693150043487549,5.200206279754639,7.979874134063721,1719962222409566400
1708598108574,left,acc,-1.8842366933822632,4.975151062011719,7.072471618652344,1719962222425187100
1708598108597,left,acc,-1.2449848651885986,5.135562419891357,8.425195693969727,1719962222425187100
1708598108613,left,acc,-1.1659762859344482,4.955997467041016,8.595184326171875,1719962222440819700
1708598108633,left,acc,-1.4077905416488647,6.3063273429870605,8.109161376953125,1719962222440819700
1708598108653,left,acc,-1.7860745191574097,6.574477672576904,7.362170219421387,1719962222456440500
1708598108674,left,acc,-1.4053963422775269,4.831499099731445,8.10437297821045,1719962222472059700
1708598108693,left,acc,-1.6831238269805908,5.566518783569336,8.236053466796875,1719962222472059700
1708598108714,left,acc,-1.455674648284912,5.231330871582031,7.836222171783447,1719962222491634300
1708598108734,left,acc,-1.3000515699386597,4.836287498474121,7.726089000701904,1719962222498851200
1708598108754,left,acc,-1.5059528350830078,5.2696380615234375,7.735665798187256,1719962222508890900
1708598108775,left,acc,-1.7549498081207275,5.1810526847839355,7.845798969268799,1719962222518931100
1708598108794,left,acc,-1.656787633895874,5.260061264038086,7.999027729034424,1719962222528469400
1708598108814,left,acc,-1.8339585065841675,5.480327606201172,8.042123794555664,1719962222542024500
1708598108835,left,acc,-1.5969325304031372,5.365406036376953,8.066065788269043,1719962222550056400
1708598108855,left,acc,-1.5969325304031372,5.329493045806885,8.027758598327637,1719962222559594000
1708598108876,left,acc,-1.5705963373184204,5.327098846435547,8.090007781982422,1719962222567626500
1708598108895,left,acc,-1.5298948287963867,5.30076265335083,8.01339340209961,1719962222577666100
1708598108915,left,acc,-1.5514427423477173,5.231330871582031,7.975085735321045,1719962222585195800
1708598108935,left,acc,-1.5729905366897583,5.288791656494141,8.015787124633789,1719962222594733400
1708598108955,left,acc,-1.5466543436050415,5.288791656494141,7.802703380584717,1719962222604773900
1708598108976,left,acc,-1.6879122257232666,5.228936672210693,7.953537940979004,1719962222615818400
1708598108995,left,acc,-1.6328455209732056,5.157110691070557,8.145073890686035,1719962222623850000
1708598109015,left,acc,-1.4245500564575195,5.3127336502075195,8.192957878112793,1719962222632015400
1708598109035,left,acc,-1.6065093278884888,5.228936672210693,8.403648376464844,1719962222639647500
1708598109056,left,acc,-1.460463047027588,5.228936672210693,8.092401504516602,1719962222647280800
1708598109076,left,acc,-1.580173134803772,5.475539207458496,8.01339340209961,1719962222655422900
1708598109095,left,acc,-1.4724340438842773,5.25527286529541,7.934384346008301,1719962222665600600
1708598109115,left,acc,-1.259350061416626,5.295974254608154,7.876923561096191,1719962222674759800
1708598109136,left,acc,-1.3407529592514038,5.114014625549316,7.936778545379639,1719962222727682600
1708598109156,left,acc,-1.5658079385757446,5.331887245178223,7.9631147384643555,1719962222735314900
1708598109177,left,acc,-1.4628572463989258,5.348646640777588,8.042123794555664,1719962222742947500
1708598109196,left,acc,-1.400607943534851,5.319916248321533,7.8745293617248535,1719962222755159600
1708598109215,left,acc,-1.2330138683319092,5.305551052093506,8.121131896972656,1719962222764835400
1708598109236,left,acc,-1.1779472827911377,5.061342239379883,7.675810813903809,1719962222775520600
1708598109256,left,acc,-0.6799532771110535,5.118803024291992,8.190564155578613,1719962222786212500
1708598109277,left,acc,-1.0103530883789062,5.035006046295166,8.492233276367188,1719962222795879600
1708598109296,left,acc,-1.0965443849563599,5.341464042663574,8.389283180236816,1719962222803513400
1708598109315,left,acc,-0.9433154463768005,5.044582843780518,8.051700592041016,1719962222811654200
1708598109336,left,acc,-0.8020575642585754,4.987122058868408,8.14028549194336,1719962222825398300
1708598109356,left,acc,-0.8906430602073669,5.214571475982666,8.04691219329834,1719962222837102500
1708598109377,left,acc,-1.01753568649292,5.049371242523193,8.020575523376465,1719962222844825900
1708598109396,left,acc,-0.7110779285430908,4.9368438720703125,8.169015884399414,1719962222852458300
1708598109417,left,acc,-0.43095630407333374,4.845864295959473,8.17141056060791,1719962222860604500
1708598109439,left,acc,-0.23942017555236816,4.73573112487793,8.772355079650879,1719962222868236400
1708598109457,left,acc,-0.1149216815829277,4.78122091293335,8.473079681396484,1719962222879941800
1708598109480,left,acc,-0.047884032130241394,4.793191909790039,8.370129585266113,1719962222889610600
1708598109499,left,acc,-0.21308395266532898,4.730942726135254,8.492233276367188,1719962222897751800
1708598109523,left,acc,-0.05267243832349777,4.656722068786621,8.549694061279297,1719962222908946500
1708598109538,left,acc,-0.07900865375995636,4.642356872558594,8.631096839904785,1719962222917086800
1708598109559,left,acc,0.10773907601833344,4.790797710418701,8.738836288452148,1719962222928792300
1708598109579,left,acc,0.11013327538967133,4.637568473815918,8.508993148803711,1719962222938458700
1708598109599,left,acc,0.22266076505184174,4.72376012802124,8.588001251220703,1719962222946090300
1708598109624,left,acc,0.19393034279346466,4.651933670043945,8.377311706542969,1719962222956270200
1708598109639,left,acc,0.17956513166427612,4.7189717292785645,8.463502883911133,1719962222965937100
1708598109659,left,acc,0.014365210197865963,4.793191909790039,8.374917984008789,1719962222974077300
1708598109680,left,acc,0.07900865375995636,4.709394931793213,8.374917984008789,1719962222983745400
1708598109698,left,acc,0.22505496442317963,4.702212333679199,8.552088737487793,1719962222992903800
1708598109722,left,acc,0.2801215946674347,4.742913722991943,8.540117263793945,1719962223001044200
1708598109739,left,acc,0.2298433631658554,4.738125324249268,8.49941635131836,1719962223011220600
1708598109757,left,acc,0.2082955539226532,4.697423934936523,8.434772491455078,1719962223018348800
1708598109780,left,acc,0.043095629662275314,4.671087741851807,8.614337921142578,1719962223028525800
1708598109800,left,acc,0.033518824726343155,4.661510944366455,8.791508674621582,1719962223037683800
1708598109820,left,acc,0.13168109953403473,4.702212333679199,8.497021675109863,1719962223045825500
1708598109839,left,acc,0.16759411990642548,4.630385875701904,8.578424453735352,1719962223053457200
1708598109860,left,acc,0.16998831927776337,4.73573112487793,8.520963668823242,1719962223061605100
1708598109880,left,acc,0.16759411990642548,4.76924991607666,8.695740699768066,1719962223069244500
1708598109900,left,acc,0.3495534360408783,4.812345504760742,8.635885238647461,1719962223076876900
1708598109920,left,acc,0.2585737705230713,4.766855716705322,8.56884765625,1719962223085018200
1708598109939,left,acc,0.24899697303771973,4.774038314819336,8.315062522888184,1719962223093159300
1708598109960,left,acc,-0.22505496442317963,5.473145008087158,8.647856712341309,1719962223106388900
1708598109981,left,acc,0.4836287498474121,4.6950297355651855,8.456320762634277,1719962223118601000
1708598110000,left,acc,0.4572925269603729,4.525041103363037,8.497021675109863,1719962223127759800
1708598110020,left,acc,0.6727706789970398,4.687847137451172,8.530540466308594,1719962223137934400
1708598110040,left,acc,0.828393816947937,4.6255974769592285,8.588001251220703,1719962223147601800
1708598110060,left,acc,0.849941611289978,4.611232280731201,8.44195556640625,1719962223157269300
1708598110081,left,acc,0.6153098344802856,4.8051629066467285,8.7268648147583,1719962223164903000
1708598110100,left,acc,0.47165772318840027,5.0469770431518555,8.999804496765137,1719962223175042900
1708598110120,left,acc,0.9002198576927185,4.659116744995117,8.123526573181152,1719962223182573600
1708598110140,left,acc,0.8403648138046265,4.2975921630859375,8.362946510314941,1719962223190606500
1708598110160,left,acc,0.5195417404174805,4.077325344085693,8.269572257995605,1719962223198136800
1708598110182,left,acc,1.1659762859344482,5.872976779937744,8.497021675109863,1719962223206169100
1708598110201,left,acc,0.9457096457481384,4.587290287017822,8.425195693969727,1719962223215706900
1708598110220,left,acc,1.5083470344543457,4.383783340454102,8.549694061279297,1719962223223739000
1708598110240,left,acc,1.1037269830703735,4.584896087646484,8.762778282165527,1719962223231770500
1708598110261,left,acc,1.4077905416488647,5.214571475982666,8.248024940490723,1719962223239300100
1708598110282,left,acc,1.5442601442337036,4.738125324249268,8.125920295715332,1719962223247345900
1708598110301,left,acc,1.41257905960083,4.908113479614258,8.128314971923828,1719962223257385400
1708598110321,left,acc,0.768538773059845,4.9799394607543945,7.752425193786621,1719962223264412800
1708598110341,left,acc,1.113303780555725,5.6910176277160645,7.936778545379639,1719962223276488600
1708598110361,left,acc,1.4844050407409668,5.880159378051758,8.336610794067383,1719962223286660600
1708598110382,left,acc,0.9816226959228516,5.669469833374023,7.6782050132751465,1719962223296044000
1708598110401,left,acc,1.1827356815338135,5.082890033721924,7.625532627105713,1719962223303574400
1708598110419,left,acc,0.9840168952941895,4.999093055725098,7.920019149780273,1719962223311606400
1708598110442,left,acc,0.6368576288223267,5.70777702331543,8.157045364379883,1719962223325164600
1708598110461,left,acc,0.608127236366272,5.906495571136475,7.965508937835693,1719962223333197000
1708598110482,left,acc,0.5315127968788147,5.578489780426025,8.427590370178223,1719962223341229500
1708598110500,left,acc,0.6943184733390808,5.39174222946167,8.305485725402832,1719962223348670500
1708598110520,left,acc,0.9528923034667969,4.72376012802124,8.458714485168457,1719962223358208300
1708598110538,left,acc,0.6560112833976746,4.9368438720703125,8.147468566894531,1719962223366743100
1708598110558,left,acc,0.6224924325942993,5.006275653839111,7.9631147384643555,1719962223373771000
1708598110581,left,acc,0.4644751250743866,4.888959884643555,8.291120529174805,1719962223391842700
1708598110600,left,acc,0.4165911078453064,4.757278919219971,8.250418663024902,1719962223399401200
1708598110621,left,acc,0.586579442024231,4.879383087158203,8.315062522888184,1719962223407444800
1708598110645,left,acc,0.5195417404174805,4.867412090301514,8.497021675109863,1719962223417492000
1708598110663,left,acc,0.4189853072166443,4.934449672698975,8.382100105285645,1719962223425086600
1708598110683,left,acc,0.3758896589279175,4.6471452713012695,8.286332130432129,1719962223437332300
1708598110701,left,acc,0.23942017555236816,4.5609540939331055,8.315062522888184,1719962223446579400
1708598110722,left,acc,0.31124621629714966,4.845864295959473,8.463502883911133,1719962223456126400
1708598110742,left,acc,0.2992752194404602,4.891354084014893,8.674192428588867,1719962223463947000
1708598110761,left,acc,0.18914192914962769,4.910507678985596,8.554482460021973,1719962223475131800
1708598110783,left,acc,-0.08619125932455063,4.8937482833862305,8.60236644744873,1719962223483131200
1708598110802,left,acc,-0.08140286058187485,4.671087741851807,8.461109161376953,1719962223490443600
1708598110822,left,acc,-0.2825157940387726,4.910507678985596,8.556877136230469,1719962223498463400
1708598110841,left,acc,-0.181959331035614,4.929661273956299,8.504204750061035,1719962223506462500
1708598110862,left,acc,-0.2082955539226532,4.929661273956299,8.437167167663574,1719962223507463000
1708598110883,left,acc,-0.26815059781074524,4.908113479614258,8.348581314086914,1719962223523102100
1708598110903,left,acc,-0.12449848651885986,4.8267107009887695,8.525752067565918,1719962223523102100
1708598110922,left,acc,-0.24420857429504395,4.829104900360107,8.401253700256348,1719962223538727300
1708598110941,left,acc,-0.22026655077934265,4.745307922363281,8.537723541259766,1719962223554352500
1708598110959,left,acc,-0.20111294090747833,4.745307922363281,8.470685958862305,1719962223554352500
1708598110982,left,acc,-0.26096799969673157,4.821922302246094,8.362946510314941,1719962223569977300
1708598111000,left,acc,-0.26575639843940735,4.8937482833862305,8.322244644165039,1719962223569977300
1708598111019,left,acc,-0.27054479718208313,4.912901878356934,8.451532363891602,1719962223585602500
1708598111040,left,acc,-0.31842881441116333,4.903325080871582,8.44195556640625,1719962223585602500
1708598111060,left,acc,-0.272938996553421,4.867412090301514,8.473079681396484,1719962223601228900
1708598111081,left,acc,-0.38067805767059326,4.874594688415527,8.358158111572266,1719962223601228900
1708598111099,left,acc,-0.3758896589279175,4.929661273956299,8.310274124145508,1719962223616853900
1708598111125,left,acc,-0.35434186458587646,4.836287498474121,8.40843677520752,1719962223616853900
1708598111141,left,acc,-0.38307225704193115,4.982333660125732,8.49941635131836,1719962223632478200
1708598111161,left,acc,-0.38067805767059326,4.891354084014893,8.508993148803711,1719962223648103400
1708598111181,left,acc,-0.3663128614425659,4.843470096588135,8.470685958862305,1719962223648103400
1708598111199,left,acc,-0.23942017555236816,4.807557106018066,8.406042098999023,1719962223663727600
1708598111224,left,acc,-0.2298433631658554,4.879383087158203,8.389283180236816,1719962223663727600
1708598111244,left,acc,-0.2082955539226532,4.946420669555664,8.434772491455078,1719962223679352300
1708598111260,left,acc,-0.2777273952960968,4.920084476470947,8.391676902770996,1719962223679352300
1708598111281,left,acc,-0.40940847992897034,4.9368438720703125,8.358158111572266,1719962223694977600
1708598111300,left,acc,-0.40222588181495667,4.948814868927002,8.315062522888184,1719962223694977600
1708598111320,left,acc,-0.4118026793003082,4.946420669555664,8.315062522888184,1719962223710602400
1708598111340,left,acc,-0.45250412821769714,5.0685248374938965,8.322244644165039,1719962223710602400
1708598111361,left,acc,-0.363918662071228,5.037400245666504,8.329427719116211,1719962223735272400
1708598111392,left,acc,-0.3447650372982025,4.987122058868408,8.248024940490723,1719962223742275900
1708598111406,left,acc,-0.36152446269989014,5.020640850067139,8.305485725402832,1719962223757904300
1708598111426,left,acc,-0.3687070608139038,5.056553840637207,8.293514251708984,1719962223757904300
1708598111441,left,acc,-0.3758896589279175,5.0469770431518555,8.2312650680542,1719962223773530000
1708598111461,left,acc,-0.3663128614425659,4.98472785949707,8.4108304977417,1719962223789154300
1708598111488,left,acc,-0.33518823981285095,4.972756862640381,8.310274124145508,1719962223789154300
1708598111563,left,acc,-0.4644751250743866,4.953603267669678,8.446743965148926,1719962223804780000
1708598111570,left,acc,-0.4884171485900879,4.934449672698975,8.355764389038086,1719962223804780000
1708598111573,left,acc,-0.38546648621559143,4.924872875213623,8.382100105285645,1719962223820404100
1708598111574,left,acc,-0.4429273009300232,4.967968463897705,8.362946510314941,1719962223820404100
1708598111595,left,acc,-0.35434186458587646,4.967968463897705,8.29830265045166,1719962223836030100
1708598111623,left,acc,-0.33997663855552673,4.953603267669678,8.336610794067383,1719962224369068600
1708598111623,left,acc,-0.2944868206977844,4.953603267669678,8.372523307800293,1719962224517058100
1708598111645,left,acc,-0.304063618183136,5.003881454467773,8.327033042907715,1719962224526119300
1708598111661,left,acc,-0.3495534360408783,5.008669853210449,8.305485725402832,1719962224536291600
1708598111705,left,acc,-0.4118026793003082,5.023035049438477,8.279149055480957,1719962224543161100
1708598111707,left,acc,-0.4812345504760742,4.929661273956299,8.391676902770996,1719962224543161100
1708598111723,left,acc,-0.49559974670410156,4.975151062011719,8.267178535461426,1719962224558174800
1708598111741,left,acc,-0.24660277366638184,4.819528102874756,8.453926086425781,1719962224643742400
1708598111769,left,acc,-0.1412578970193863,4.764461517333984,8.367734909057617,1719962224652033200
1708598111787,left,acc,-0.3687070608139038,4.927267074584961,8.765172004699707,1719962224657861200
1708598111862,left,acc,-0.11252748221158981,4.81473970413208,9.006986618041992,1719962224673488700
1708598111863,left,acc,0.2753331959247589,5.195417881011963,9.114726066589355,1719962224673488700
1708598111863,left,acc,-0.1628057211637497,4.9152960777282715,8.56645393371582,1719962224689114600
1708598111863,left,acc,-0.26096799969673157,4.764461517333984,8.032546997070312,1719962224689114600
1708598111889,left,acc,-0.849941611289978,4.4723687171936035,8.087613105773926,1719962224704739600
1708598111906,left,acc,-1.7046716213226318,3.35667085647583,6.150704383850098,1719962224704739600
1708598111922,left,acc,-0.629675030708313,5.6191911697387695,8.14028549194336,1719962224720364000
1708598111942,left,acc,-0.07182604819536209,4.8722004890441895,9.093177795410156,1719962224735989200
1708598111996,left,acc,0.05746084079146385,4.742913722991943,9.224859237670898,1719962224735989200
1708598111996,left,acc,0.10295066982507706,4.333505153656006,9.016563415527344,1719962224751614400
1708598112005,left,acc,0.1412578970193863,4.23773717880249,8.650250434875488,1719962224751614400
1708598112022,left,acc,-0.06464344263076782,4.156333923339844,8.106766700744629,1719962224770652800
1708598112042,left,acc,-0.4213795065879822,4.580107688903809,8.549694061279297,1719962224786282100
1708598112062,left,acc,-0.28969839215278625,4.742913722991943,9.184157371520996,1719962224791351800
1708598112083,left,acc,0.043095629662275314,4.527435302734375,8.429984092712402,1719962224791351800
1708598112102,left,acc,-0.7733271718025208,4.6255974769592285,8.451532363891602,1719962224807508500
1708598112122,left,acc,-0.5913678407669067,4.563348293304443,8.020575523376465,1719962224825399000
1708598112142,left,acc,-0.6033388376235962,4.345476150512695,7.965508937835693,1719962224826066300
1708598112162,left,acc,-0.07900865375995636,4.376600742340088,8.712499618530273,1719962224845200500
1708598112183,left,acc,-0.13168109953403473,4.000710964202881,8.983044624328613,1719962224854574900
1708598112202,left,acc,-0.395043283700943,3.7636849880218506,8.212111473083496,1719962224863811800
1708598112228,left,acc,-1.3623007535934448,4.355052947998047,8.188169479370117,1719962224874842400
1708598112251,left,acc,-1.9393033981323242,5.396530628204346,9.976638793945312,1719962224874842400
1708598112263,left,acc,-1.9752163887023926,5.2672438621521,9.95748519897461,1719962224891480800
1708598112283,left,acc,-1.2449848651885986,4.934449672698975,9.907206535339355,1719962224908292500
1708598112322,left,acc,-0.22026655077934265,3.550601005554199,6.868964672088623,1719962224908292500
1708598112325,left,acc,-0.3998316824436188,3.8355112075805664,7.374141216278076,1719962224929544000
1708598112343,left,acc,-0.8307880163192749,4.369418144226074,8.875306129455566,1719962224942891700
1708598112363,left,acc,-1.1875240802764893,4.23773717880249,9.162610054016113,1719962224951517300
1708598112385,left,acc,-1.4317326545715332,4.699818134307861,8.865729331970215,1719962224962066200
1708598112403,left,acc,-1.1061211824417114,4.642356872558594,8.645462036132812,1719962224972005300
1708598112424,left,acc,-0.8738836050033569,4.19224739074707,8.379706382751465,1719962224974566200
1708598112443,left,acc,-0.8571242094039917,4.151545524597168,8.396465301513672,1719962224991646800
1708598112463,left,acc,-0.7948749661445618,4.230554580688477,8.456320762634277,1719962224991646800
1708598112485,left,acc,-0.9385270476341248,4.455609321594238,8.796297073364258,1719962225008042700
1708598112503,left,acc,-1.0893617868423462,4.398148536682129,8.78432559967041,1719962225024797300
1708598112523,left,acc,-0.9840168952941895,4.410119533538818,8.578424453735352,1719962225024797300
1708598112544,left,acc,-0.9409212470054626,4.261679172515869,8.595184326171875,1719962225041280800
1708598112563,left,acc,-0.8259995579719543,4.247313976287842,8.69095230102539,1719962225058299700
1708598112584,left,acc,-0.9361328482627869,4.367023944854736,8.671798706054688,1719962225058299700
1708598112611,left,acc,-0.9169792532920837,4.4077253341674805,8.767566680908203,1719962225081040400
1708598112626,left,acc,-0.8188169598579407,4.321534156799316,8.643068313598633,1719962225092460500
1708598112644,left,acc,-0.8978256583213806,4.24970817565918,8.769960403442383,1719962225108780300
1708598112669,left,acc,-0.8236053586006165,4.108449935913086,8.865729331970215,1719962225108780300
1708598112685,left,acc,-0.8690952062606812,4.271255970001221,8.779537200927734,1719962225125639200
1708598112704,left,acc,-0.8834604024887085,4.355052947998047,8.59997272491455,1719962225125639200
1708598112724,left,acc,-0.667982280254364,4.304774761199951,8.643068313598633,1719962225142241100
1708598112744,left,acc,-0.7086837291717529,4.252102375030518,8.597578048706055,1719962225142241100
1708598112769,left,acc,-0.8786720037460327,4.273650169372559,8.832210540771484,1719962225157869800
1708598112794,left,acc,-0.8978256583213806,4.28322696685791,8.779537200927734,1719962225175380900
1708598112804,left,acc,-0.871489405632019,4.285621166229248,8.746018409729004,1719962225175380900
1708598112824,left,acc,-1.0295066833496094,4.285621166229248,8.7484130859375,1719962225191011200
1708598112844,left,acc,-0.9816226959228516,4.261679172515869,8.774748802185059,1719962225208290100
1708598112868,left,acc,-0.9600749015808105,4.422090530395508,8.69095230102539,1719962225224033300
1708598112886,left,acc,-0.6607996821403503,4.213795185089111,8.884882926940918,1719962225224873200
1708598112912,left,acc,-0.8978256583213806,4.335899353027344,8.698134422302246,1719962225274416400
1708598112926,left,acc,-0.8403648138046265,4.357447147369385,8.671798706054688,1719962225291007100
1708598112945,left,acc,-0.7948749661445618,4.1156325340271,8.69095230102539,1719962225291007100
1708598112968,left,acc,-0.8954314589500427,4.314351558685303,8.734047889709473,1719962225307412900
1708598112986,left,acc,-1.0247182846069336,4.448426723480225,8.736441612243652,1719962225307412900
1708598113004,left,acc,-1.0007762908935547,4.2544965744018555,8.647856712341309,1719962225324057400
1708598113025,left,acc,-0.9026140570640564,4.343081951141357,8.5903959274292,1719962225324057400
1708598113046,left,acc,-0.9002198576927185,4.32871675491333,8.7484130859375,1719962225340966900
1708598113067,left,acc,-0.9409212470054626,4.290409564971924,8.705317497253418,1719962225340966900
1708598113086,left,acc,-0.9720458984375,4.331110954284668,8.62391471862793,1719962225362443400
1708598113110,left,acc,-0.9720458984375,4.371812343597412,8.564059257507324,1719962225374466500
1708598113126,left,acc,-0.9002198576927185,4.32871675491333,8.635885238647461,1719962225374593800
1708598113146,left,acc,-0.8451532125473022,4.268861770629883,8.729259490966797,1719962225374593800
1708598113167,left,acc,-0.7709329724311829,4.355052947998047,8.592789649963379,1719962225393156000
1708598113186,left,acc,-0.667982280254364,4.290409564971924,8.719682693481445,1719962225401807700
1708598113205,left,acc,-0.9145850539207458,4.311957359313965,8.7484130859375,1719962225407185000
1708598113227,left,acc,-0.9433154463768005,4.3406877517700195,8.609549522399902,1719962225410081200
1708598113245,left,acc,-0.9361328482627869,4.242525577545166,8.738836288452148,1719962225410081200
1708598113269,left,acc,-0.912190854549408,4.235342979431152,8.746018409729004,1719962225425126000
1708598113293,left,acc,-0.8020575642585754,4.185064792633057,8.669404029846191,1719962225425126000
1708598113307,left,acc,-0.7996633648872375,4.24970817565918,8.738836288452148,1719962225440131100
1708598113326,left,acc,-0.8571242094039917,4.3191399574279785,8.791508674621582,1719962225441635500
1708598113346,left,acc,-0.8020575642585754,4.309563159942627,8.669404029846191,1719962225441635500
1708598113368,left,acc,-0.706289529800415,4.371812343597412,8.633491516113281,1719962225460142700
1708598113393,left,acc,-0.8068459630012512,4.2951979637146,8.702922821044922,1719962225465572400
1708598113410,left,acc,-0.9145850539207458,4.266467571258545,8.640673637390137,1719962225471573000
1708598113427,left,acc,-0.9050082564353943,4.304774761199951,8.777143478393555,1719962225478023900
1708598113446,left,acc,-1.0271124839782715,4.414907932281494,8.640673637390137,1719962225484573200
