Pedal 1 Pressure,Pedal 2 Pressure,Pedal 3 Pressure,Pedal 4 Pressure,Pedal 6 Pressure,Pedal 7 Pressure,Pedal 1 Pressed,Pedal 2 Pressed,Pedal 3 Pressed,Pedal 4 Pressed,Pedal 5 Pressesd,Pedal 6 Pressed,Pedal 7 Pressed,Computer Time,PDS Time
-1,-1,-1,-1,-1,-1,-1,0,0,0,0,0,0,0,1721315216027345500
-1,-1,-1,-1,-1,-1,-1,0,0,0,0,0,0,0,1721315216136656700
-1,-1,-1,-1,-1,-1,-1,0,0,0,0,0,0,0,1721315216246347800
-1,-1,-1,-1,-1,-1,-1,0,0,0,0,0,0,0,1721315216355529500
-1,-1,-1,-1,-1,-1,-1,0,0,0,0,0,0,0,1721315216466902700
-1,-1,-1,-1,-1,-1,-1,0,0,0,0,0,0,0,1721315216577661100
-1,-1,-1,-1,-1,-1,-1,0,0,0,0,0,0,0,1721315216688192500
-1,-1,-1,-1,-1,-1,-1,0,0,0,0,0,0,0,1721315216796806900
-1,29.05,-1,5040.34,-1,65.77,14.0,0,0,0,1,0,0,0,1721315216867610000
-1,29.7,-1,5432.37,-1,65.46,13.0,0,0,0,1,0,0,0,1721315216916407100
-1,29.91,-1,4684.79,-1,66.39,13.0,0,0,0,1,0,0,0,1721315216969540200
-1,29.91,-1,1884.62,-1,76.08,13.0,0,0,0,0,0,0,0,1721315217019204000
-1,29.91,-1,444.95,-1,84.1,13.0,0,0,0,0,0,0,0,1721315217067653200
-1,29.91,-1,65.77,-1,90.4,13.0,0,0,0,0,0,0,0,1721315217117200800
-1,29.7,-1,42.37,-1,89.26,14.0,0,0,0,0,0,0,0,1721315217165782200
-1,29.91,-1,29.91,-1,88.14,14.0,0,0,0,0,0,0,0,1721315217215443400
-1,29.91,-1,29.05,-1,81.6,14.0,0,0,0,0,0,0,0,1721315217265120100
-1,29.91,-1,26.31,-1,64.85,14.0,0,0,0,0,0,0,0,1721315217314158500
-1,29.91,-1,22.45,-1,42.37,13.0,0,0,0,0,0,0,0,1721315217362809000
-1,29.7,-1,23.65,-1,39.22,13.0,0,0,0,0,0,0,0,1721315217413072200
-1,29.7,-1,27.15,-1,36.17,13.0,0,0,0,0,0,0,0,1721315217461177200
-1,29.91,-1,28.63,-1,38.75,14.0,0,0,0,0,0,0,0,1721315217509895300
-1,29.91,-1,23.65,-1,44.61,13.0,0,0,0,0,0,0,0,1721315217559567200
-1,29.91,-1,23.45,-1,42.87,13.0,0,0,0,0,0,0,0,1721315217608153700
-1,29.91,-1,23.05,-1,48.46,14.0,0,0,0,0,0,0,0,1721315217657519200
-1,29.91,-1,23.25,-1,66.39,14.0,0,0,0,0,0,0,0,1721315217702518100
-1,29.91,-1,23.65,-1,69.85,14.0,0,0,0,0,0,0,0,1721315217752163600
-1,29.7,-1,24.66,-1,82.31,14.0,0,0,0,0,0,0,0,1721315217801337300
-1,29.7,-1,19.12,-1,86.29,13.0,0,0,0,0,0,0,0,1721315217850494400
-1,29.91,-1,13.56,-1,84.83,13.0,0,0,0,0,0,0,0,1721315217899008500
-1,29.91,-1,12.84,-1,84.1,13.0,0,0,0,0,0,0,0,1721315217948174500
-1,29.91,-1,17.04,-1,77.78,14.0,0,0,0,0,0,0,0,1721315217997700500
-1,29.91,-1,18.17,-1,69.53,13.0,0,0,0,0,0,0,0,1721315218046707200
-1,29.91,-1,19.7,-1,67.32,13.0,0,0,0,0,0,0,0,1721315218095855500
-1,29.7,-1,18.93,-1,66.7,14.0,0,0,0,0,0,0,0,1721315218144955100
-1,29.91,-1,18.55,-1,78.46,14.0,0,0,0,0,0,0,0,1721315218193946500
-1,29.91,-1,19.32,-1,73.08,14.0,0,0,0,0,0,0,0,1721315218243457600
-1,29.91,-1,16.29,-1,71.45,14.0,0,0,0,0,0,0,0,1721315218292982100
-1,29.91,-1,17.42,-1,73.74,13.0,0,0,0,0,0,0,0,1721315218341984800
-1,29.7,-1,18.36,-1,88.89,14.0,0,0,0,0,0,0,0,1721315218390509500
-1,29.7,-1,18.74,-1,90.4,13.0,0,0,0,0,0,0,0,1721315218440508300
-1,29.91,-1,17.6,-1,87.03,14.0,0,0,0,0,0,0,0,1721315218485052800
-1,29.91,-1,14.82,-1,85.19,14.0,0,0,0,0,0,0,0,1721315218534060500
-1,29.7,-1,14.82,-1,84.46,13.0,0,0,0,0,0,0,0,1721315218583073100
-1,29.91,-1,15.19,-1,81.6,13.0,0,0,0,0,0,0,0,1721315218632198400
-1,29.91,-1,11.95,-1,84.83,14.0,0,0,0,0,0,0,0,1721315218682207000
-1,29.91,-1,11.6,-1,87.03,14.0,0,0,0,0,0,0,0,1721315218731309900
-1,29.91,-1,11.25,-1,66.7,13.0,0,0,0,0,0,0,0,1721315218780311600
-1,29.91,-1,11.43,-1,40.18,14.0,0,0,0,0,0,0,0,1721315218828861000
-1,29.7,-1,10.21,-1,40.42,13.0,0,0,0,0,0,0,0,1721315218877868000
-1,29.91,-1,11.43,-1,48.2,14.0,0,0,0,0,0,0,0,1721315218927368100
-1,29.91,-1,11.78,-1,76.08,13.0,0,0,0,0,0,0,0,1721315218976369800
-1,29.91,-1,12.48,-1,84.83,14.0,0,0,0,0,0,0,0,1721315219025886200
-1,29.91,-1,14.1,-1,88.51,13.0,0,0,0,0,0,0,0,1721315219075060800
-1,29.91,-1,13.56,-1,88.89,14.0,0,0,0,0,0,0,0,1721315219123543500
-1,29.91,-1,14.1,-1,85.19,14.0,0,0,0,0,0,0,0,1721315219173566400
-1,29.91,-1,13.92,-1,91.16,14.0,0,0,0,0,0,0,0,1721315219217866400
-1,29.91,-1,13.02,-1,84.83,14.0,0,0,0,0,0,0,0,1721315219266869900
-1,29.91,-1,11.78,-1,85.92,13.0,0,0,0,0,0,0,0,1721315219316533100
-1,29.91,-1,12.31,-1,95.05,14.0,0,0,0,0,0,0,0,1721315219365519700
-1,29.91,-1,11.78,-1,124.12,14.0,0,0,0,0,0,0,0,1721315219415091100
-1,29.91,-1,11.78,-1,129.63,14.0,0,0,0,0,0,0,0,1721315219468165700
-1,29.91,-1,13.02,-1,126.1,14.0,0,0,0,0,0,0,0,1721315219517707700
-1,29.91,-1,13.02,-1,136.97,14.0,0,0,0,0,0,0,0,1721315219566708900
-1,29.91,-1,13.92,-1,131.69,14.0,0,0,0,0,0,0,0,1721315219615230800
-1,29.91,-1,14.1,-1,130.14,13.0,0,0,0,0,0,0,0,1721315219664239600
-1,29.91,-1,15.37,-1,134.83,14.0,0,0,0,0,0,0,0,1721315219717784900
-1,29.91,-1,15.56,-1,145.26,14.0,0,0,0,0,0,0,0,1721315219767523800
-1,29.91,-1,15.56,-1,139.14,14.0,0,0,0,0,0,0,0,1721315219816086900
-1,29.91,-1,13.56,-1,137.51,14.0,0,0,0,0,0,0,0,1721315219865073200
-1,29.7,-1,13.56,-1,132.21,13.0,0,0,0,0,0,0,0,1721315219914622900
-1,29.91,-1,13.56,-1,124.61,14.0,0,0,0,0,0,0,0,1721315219967621500
-1,29.7,-1,14.1,-1,123.63,13.0,0,0,0,0,0,0,0,1721315220017137200
-1,29.7,-1,13.38,-1,118.34,14.0,0,0,0,0,0,0,0,1721315220066149800
-1,29.91,-1,16.11,-1,108.35,14.0,0,0,0,0,0,0,0,1721315220115288800
-1,29.91,-1,16.29,-1,103.2,13.0,0,0,0,0,0,0,0,1721315220164839000
-1,29.91,-1,15.74,-1,110.11,14.0,0,0,0,0,0,0,0,1721315220217378100
-1,29.7,-1,16.11,-1,116.47,13.0,0,0,0,0,0,0,0,1721315220266378700
-1,29.91,-1,15.74,-1,126.6,14.0,0,0,0,0,0,0,0,1721315220315917300
-1,29.7,-1,15.01,-1,123.14,14.0,0,0,0,0,0,0,0,1721315220364917100
-1,29.91,-1,15.56,-1,127.1,13.0,0,0,0,0,0,0,0,1721315220414047900
-1,29.91,-1,14.64,-1,129.12,14.0,0,0,0,0,0,0,0,1721315220463037000
-1,29.91,-1,14.82,-1,129.12,14.0,0,0,0,0,0,0,0,1721315220516584500
-1,29.91,-1,15.92,-1,128.61,14.0,0,0,0,0,0,0,0,1721315220565577000
-1,29.91,-1,16.11,-1,129.12,14.0,0,0,0,0,0,0,0,1721315220615130700
-1,29.7,-1,15.74,-1,132.21,13.0,0,0,0,0,0,0,0,1721315220664136000
-1,29.91,-1,16.48,-1,131.17,14.0,0,0,0,0,0,0,0,1721315220713655500
-1,29.7,-1,16.29,-1,133.78,13.0,0,0,0,0,0,0,0,1721315220766282600
-1,29.91,-1,15.74,-1,129.63,13.0,0,0,0,0,0,0,0,1721315220815812300
-1,29.91,-1,14.64,-1,129.63,14.0,0,0,0,0,0,0,0,1721315220864817800
-1,29.91,-1,13.02,-1,130.66,13.0,0,0,0,0,0,0,0,1721315220914365200
-1,29.91,-1,14.28,-1,127.6,14.0,0,0,0,0,0,0,0,1721315220963365800
-1,30.13,-1,14.46,-1,127.1,14.0,0,0,0,0,0,0,0,1721315221015935500
-1,29.91,-1,14.82,-1,122.16,14.0,0,0,0,0,0,0,0,1721315221065931400
-1,29.91,-1,13.92,-1,115.08,13.0,0,0,0,0,0,0,0,1721315221114477400
-1,29.91,-1,13.38,-1,118.81,13.0,0,0,0,0,0,0,0,1721315221163498300
-1,29.91,-1,14.46,-1,123.14,14.0,0,0,0,0,0,0,0,1721315221213046400
-1,29.7,-1,14.46,-1,124.61,14.0,0,0,0,0,0,0,0,1721315221266035800
-1,29.91,-1,14.28,-1,114.62,13.0,0,0,0,0,0,0,0,1721315221315135000
-1,29.91,-1,14.28,-1,120.24,13.0,0,0,0,0,0,0,0,1721315221364137200
-1,29.91,-1,14.64,-1,120.72,14.0,0,0,0,0,0,0,0,1721315221413651900
-1,29.91,-1,14.46,-1,115.08,13.0,0,0,0,0,0,0,0,1721315221462658300
-1,29.91,-1,15.37,-1,107.04,14.0,0,0,0,0,0,0,0,1721315221511510500
-1,29.91,-1,15.56,-1,107.47,14.0,0,0,0,0,0,0,0,1721315221565527600
-1,29.91,-1,15.37,-1,105.75,13.0,0,0,0,0,0,0,0,1721315221614073000
-1,29.91,-1,15.74,-1,108.79,14.0,0,0,0,0,0,0,0,1721315221663073400
-1,29.91,-1,15.37,-1,109.23,14.0,0,0,0,0,0,0,0,1721315221712612800
-1,29.91,-1,16.48,-1,109.23,13.0,0,0,0,0,0,0,0,1721315221761622600
-1,29.7,-1,15.01,-1,107.04,13.0,0,0,0,0,0,0,0,1721315221815147900
-1,29.91,-1,12.84,-1,92.7,13.0,0,0,0,0,0,0,0,1721315221864152700
-1,29.91,-1,12.13,-1,84.1,13.0,0,0,0,0,0,0,0,1721315221909697100
-1,29.91,-1,12.84,-1,80.2,14.0,0,0,0,0,0,0,0,1721315221958703400
-1,29.91,-1,13.02,-1,83.74,14.0,0,0,0,0,0,0,0,1721315222007238700
-1,29.91,-1,12.31,-1,83.74,14.0,0,0,0,0,0,0,0,1721315222056231100
-1,29.91,-1,13.74,-1,86.29,14.0,0,0,0,0,0,0,0,1721315222105799900
-1,29.91,-1,14.46,-1,90.02,14.0,0,0,0,0,0,0,0,1721315222154792700
-1,29.91,-1,12.84,-1,91.16,14.0,0,0,0,0,0,0,0,1721315222204335200
-1,29.91,-1,14.82,-1,92.7,14.0,0,0,0,0,0,0,0,1721315222253335400
-1,29.91,-1,14.64,-1,93.87,14.0,0,0,0,0,0,0,0,1721315222301898900
-1,29.7,-1,14.64,-1,92.32,13.0,0,0,0,0,0,0,0,1721315222351880900
-1,29.7,-1,14.46,-1,98.65,13.0,0,0,0,0,0,0,0,1721315222400503800
-1,29.91,-1,13.02,-1,104.04,14.0,0,0,0,0,0,0,0,1721315222449993200
-1,29.7,-1,12.13,-1,105.32,14.0,0,0,0,0,0,0,0,1721315222499531100
-1,29.91,-1,12.48,-1,101.94,14.0,0,0,0,0,0,0,0,1721315222548539400
-1,29.7,-1,12.48,-1,101.11,14.0,0,0,0,0,0,0,0,1721315222601603300
-1,29.91,-1,12.31,-1,103.2,14.0,0,0,0,0,0,0,0,1721315222650585200
-1,29.91,-1,12.13,-1,99.06,13.0,0,0,0,0,0,0,0,1721315222700128500
-1,29.91,-1,11.6,-1,93.09,13.0,0,0,0,0,0,0,0,1721315222748829100
-1,29.91,-1,12.13,-1,90.02,13.0,0,0,0,0,0,0,0,1721315222798243900
-1,29.91,-1,11.43,-1,93.87,13.0,0,0,0,0,0,0,0,1721315222847241600
-1,30.13,-1,11.08,-1,91.93,14.0,0,0,0,0,0,0,0,1721315222891769700
-1,29.91,-1,11.6,-1,95.44,14.0,0,0,0,0,0,0,0,1721315222941773100
-1,29.91,-1,10.73,-1,96.24,14.0,0,0,0,0,0,0,0,1721315222990339500
-1,29.91,-1,11.08,-1,96.64,13.0,0,0,0,0,0,0,0,1721315223039335300
-1,29.91,-1,11.78,-1,96.24,14.0,0,0,0,0,0,0,0,1721315223088874500
-1,29.91,-1,11.95,-1,95.84,13.0,0,0,0,0,0,0,0,1721315223137874300
-1,29.91,-1,12.31,-1,91.93,14.0,0,0,0,0,0,0,0,1721315223187425000
-1,29.7,-1,11.78,-1,88.89,14.0,0,0,0,0,0,0,0,1721315223236420200
-1,29.91,-1,11.43,-1,86.29,14.0,0,0,0,0,0,0,0,1721315223284450100
-1,29.7,-1,12.13,-1,87.4,13.0,0,0,0,0,0,0,0,1721315223334977600
-1,29.91,-1,11.6,-1,87.03,14.0,0,0,0,0,0,0,0,1721315223383981100
-1,29.91,-1,11.78,-1,89.64,13.0,0,0,0,0,0,0,0,1721315223432493000
-1,29.91,-1,11.25,-1,87.03,14.0,0,0,0,0,0,0,0,1721315223482518300
-1,29.91,-1,11.43,-1,88.14,14.0,0,0,0,0,0,0,0,1721315223531069000
-1,29.91,-1,10.55,-1,78.12,14.0,0,0,0,0,0,0,0,1721315223580074600
-1,29.7,-1,10.38,-1,74.74,14.0,0,0,0,0,0,0,0,1721315223625232800
-1,29.91,-1,9.69,-1,75.74,14.0,0,0,0,0,0,0,0,1721315223674247100
-1,29.91,-1,10.21,-1,79.5,14.0,0,0,0,0,0,0,0,1721315223723763200
-1,29.91,-1,11.08,-1,82.31,14.0,0,0,0,0,0,0,0,1721315223772783900
-1,29.7,-1,11.08,-1,83.38,14.0,0,0,0,0,0,0,0,1721315223822304200
-1,29.91,-1,9.69,-1,84.1,13.0,0,0,0,0,0,0,0,1721315223870587900
-1,29.91,-1,10.73,-1,85.56,14.0,0,0,0,0,0,0,0,1721315223920131600
-1,29.91,-1,10.55,-1,82.67,13.0,0,0,0,0,0,0,0,1721315223969136100
-1,29.7,-1,9.86,-1,82.67,14.0,0,0,0,0,0,0,0,1721315224014671700
-1,29.91,-1,11.25,-1,85.56,14.0,0,0,0,0,0,0,0,1721315224063663000
-1,29.91,-1,11.78,-1,87.4,14.0,0,0,0,0,0,0,0,1721315224113215800
-1,29.91,-1,10.9,-1,91.16,13.0,0,0,0,0,0,0,0,1721315224162391300
-1,29.91,-1,10.55,-1,90.02,14.0,0,0,0,0,0,0,0,1721315224210908400
-1,29.91,-1,11.25,-1,89.64,14.0,0,0,0,0,0,0,0,1721315224259909700
-1,29.7,-1,10.55,-1,93.09,14.0,0,0,0,0,0,0,0,1721315224309667400
-1,29.7,-1,10.55,-1,90.02,14.0,0,0,0,0,0,0,0,1721315224358672500
-1,29.7,-1,11.25,-1,96.24,14.0,0,0,0,0,0,0,0,1721315224407199600
-1,29.7,-1,10.73,-1,96.64,14.0,0,0,0,0,0,0,0,1721315224456188300
-1,29.91,-1,11.08,-1,96.64,14.0,0,0,0,0,0,0,0,1721315224506393100
-1,29.91,-1,12.13,-1,95.05,14.0,0,0,0,0,0,0,0,1721315224554862100
-1,29.91,-1,11.78,-1,95.44,14.0,0,0,0,0,0,0,0,1721315224600383800
-1,29.91,-1,19.32,-1,99.06,14.0,0,0,0,0,0,0,0,1721315224649385400
-1,29.91,-1,27.36,-1,100.7,14.0,0,0,0,0,0,0,0,1721315224702476100
-1,29.91,-1,24.66,-1,104.89,14.0,0,0,0,0,0,0,0,1721315224751475000
-1,29.7,-1,26.1,-1,106.18,14.0,0,0,0,0,0,0,0,1721315224800996000
-1,29.91,-1,27.99,-1,104.89,13.0,0,0,0,0,0,0,0,1721315224850001400
-1,29.91,-1,26.31,-1,105.75,14.0,0,0,0,0,0,0,0,1721315224899542500
-1,29.91,-1,25.28,-1,105.75,14.0,0,0,0,0,0,0,0,1721315224952606800
-1,29.7,-1,26.1,-1,103.62,13.0,0,0,0,0,0,0,0,1721315225002027400
-1,29.91,-1,28.63,-1,104.47,13.0,0,0,0,0,0,0,0,1721315225051025800
-1,29.91,-1,32.1,-1,104.89,14.0,0,0,0,0,0,0,0,1721315225099554800
-1,29.91,-1,32.99,-1,104.89,14.0,0,0,0,0,0,0,0,1721315225149547100
-1,29.7,-1,29.7,-1,105.75,14.0,0,0,0,0,0,0,0,1721315225198062000
-1,29.7,-1,21.46,-1,106.18,14.0,0,0,0,0,0,0,0,1721315225251218300
-1,29.91,-1,9.86,-1,104.47,14.0,0,0,0,0,0,0,0,1721315225300886800
-1,29.91,-1,11.78,-1,101.94,14.0,0,0,0,0,0,0,0,1721315225350135700
-1,29.91,-1,11.95,-1,101.94,14.0,0,0,0,0,0,0,0,1721315225398704000
-1,29.91,-1,11.6,-1,92.7,14.0,0,0,0,0,0,0,0,1721315225447704600
-1,29.91,-1,10.73,-1,90.02,14.0,0,0,0,0,0,0,0,1721315225497382400
-1,29.91,-1,10.73,-1,94.65,14.0,0,0,0,0,0,0,0,1721315225546083400
-1,29.91,-1,10.55,-1,99.47,14.0,0,0,0,0,0,0,0,1721315225594972100
-1,29.7,-1,10.9,-1,99.47,14.0,0,0,0,0,0,0,0,1721315225644205800
-1,29.91,-1,10.55,-1,97.04,14.0,0,0,0,0,0,0,0,1721315225693398000
-1,29.91,-1,10.73,-1,97.04,14.0,0,0,0,0,0,0,0,1721315225742506800
-1,29.91,-1,10.73,-1,99.88,14.0,0,0,0,0,0,0,0,1721315225787511700
-1,29.7,-1,10.21,-1,102.36,14.0,0,0,0,0,0,0,0,1721315225841024000
-1,29.7,-1,10.38,-1,102.36,14.0,0,0,0,0,0,0,0,1721315225890432100
-1,29.7,-1,10.21,-1,102.36,14.0,0,0,0,0,0,0,0,1721315225939423000
-1,29.91,-1,9.86,-1,101.11,14.0,0,0,0,0,0,0,0,1721315225988931200
-1,29.7,-1,10.04,-1,100.7,13.0,0,0,0,0,0,0,0,1721315226037937600
-1,29.91,-1,10.38,-1,97.44,14.0,0,0,0,0,0,0,0,1721315226086960200
-1,29.91,-1,10.55,-1,89.64,14.0,0,0,0,0,0,0,0,1721315226136162700
-1,29.91,-1,10.38,-1,89.26,14.0,0,0,0,0,0,0,0,1721315226185192500
-1,29.91,-1,10.04,-1,85.19,13.0,0,0,0,0,0,0,0,1721315226234217200
-1,29.91,-1,9.18,-1,85.56,13.0,0,0,0,0,0,0,0,1721315226283228800
-1,29.91,-1,9.52,-1,85.56,14.0,0,0,0,0,0,0,0,1721315226328737700
-1,29.91,-1,10.04,-1,95.84,14.0,0,0,0,0,0,0,0,1721315226377748200
-1,29.91,-1,10.21,-1,97.44,14.0,0,0,0,0,0,0,0,1721315226427253500
-1,29.91,-1,10.55,-1,100.7,13.0,0,0,0,0,0,0,0,1721315226476271400
-1,29.91,-1,11.25,-1,84.83,14.0,0,0,0,0,0,0,0,1721315226525544800
-1,29.91,-1,11.6,-1,79.5,14.0,0,0,0,0,0,0,0,1721315226574553200
-1,29.91,-1,11.6,-1,91.16,13.0,0,0,0,0,0,0,0,1721315226624068800
-1,29.7,-1,11.25,-1,98.25,13.0,0,0,0,0,0,0,0,1721315226673059800
-1,29.91,-1,11.25,-1,97.84,14.0,0,0,0,0,0,0,0,1721315226721593900
-1,29.91,-1,10.38,-1,102.36,13.0,0,0,0,0,0,0,0,1721315226770604400
-1,29.7,-1,9.86,-1,100.7,14.0,0,0,0,0,0,0,0,1721315226819768700
-1,29.91,-1,9.86,-1,101.94,14.0,0,0,0,0,0,0,0,1721315226869771900
-1,29.91,-1,9.86,-1,102.78,14.0,0,0,0,0,0,0,0,1721315226918294000
-1,29.91,-1,9.18,-1,106.18,14.0,0,0,0,0,0,0,0,1721315226967284900
-1,29.91,-1,10.38,-1,105.75,14.0,0,0,0,0,0,0,0,1721315227016833600
-1,29.91,-1,10.55,-1,107.47,14.0,0,0,0,0,0,0,0,1721315227065823500
-1,29.91,-1,10.9,-1,109.67,14.0,0,0,0,0,0,0,0,1721315227118981400
-1,30.13,-1,10.55,-1,104.89,14.0,0,0,0,0,0,0,0,1721315227167981500
-1,29.91,-1,10.9,-1,107.04,14.0,0,0,0,0,0,0,0,1721315227217263700
-1,29.7,-1,10.9,-1,108.79,14.0,0,0,0,0,0,0,0,1721315227266265900
-1,29.7,-1,11.08,-1,111.0,14.0,0,0,0,0,0,0,0,1721315227315806700
-1,29.91,-1,11.43,-1,108.35,14.0,0,0,0,0,0,0,0,1721315227364805700
-1,29.91,-1,11.43,-1,108.35,14.0,0,0,0,0,0,0,0,1721315227418337800
-1,29.7,-1,11.6,-1,105.75,13.0,0,0,0,0,0,0,0,1721315227467385000
-1,29.91,-1,11.43,-1,107.91,14.0,0,0,0,0,0,0,0,1721315227516929800
-1,29.7,-1,11.43,-1,107.91,14.0,0,0,0,0,0,0,0,1721315227565930000
-1,29.91,-1,11.78,-1,108.35,14.0,0,0,0,0,0,0,0,1721315227614447200
-1,29.91,-1,12.31,-1,104.47,14.0,0,0,0,0,0,0,0,1721315227667449400
-1,29.91,-1,11.78,-1,107.04,14.0,0,0,0,0,0,0,0,1721315227716821700
-1,29.91,-1,11.6,-1,107.47,14.0,0,0,0,0,0,0,0,1721315227765818700
-1,29.91,-1,11.43,-1,105.75,14.0,0,0,0,0,0,0,0,1721315227815336100
-1,29.91,-1,10.9,-1,104.89,14.0,0,0,0,0,0,0,0,1721315227864336400
-1,29.91,-1,10.73,-1,104.04,14.0,0,0,0,0,0,0,0,1721315227917858600
-1,29.91,-1,10.73,-1,104.04,14.0,0,0,0,0,0,0,0,1721315227966859800
-1,29.91,-1,11.25,-1,107.47,14.0,0,0,0,0,0,0,0,1721315228016377600
-1,29.91,-1,10.55,-1,107.04,14.0,0,0,0,0,0,0,0,1721315228065385600
-1,29.91,-1,11.78,-1,107.47,14.0,0,0,0,0,0,0,0,1721315228114729500
-1,29.91,-1,12.48,-1,106.61,14.0,0,0,0,0,0,0,0,1721315228167728700
-1,29.91,-1,13.2,-1,101.94,14.0,0,0,0,0,0,0,0,1721315228217054800
-1,29.7,-1,13.56,-1,98.25,14.0,0,0,0,0,0,0,0,1721315228265900500
-1,29.91,-1,13.56,-1,97.84,13.0,0,0,0,0,0,0,0,1721315228314957100
-1,29.91,-1,13.74,-1,98.65,13.0,0,0,0,0,0,0,0,1721315228360481500
-1,29.91,-1,13.74,-1,98.25,14.0,0,0,0,0,0,0,0,1721315228408901800
-1,29.91,-1,13.74,-1,101.53,14.0,0,0,0,0,0,0,0,1721315228462420100
-1,29.91,-1,13.38,-1,90.78,14.0,0,0,0,0,0,0,0,1721315228511247000
-1,29.91,-1,13.74,-1,90.02,14.0,0,0,0,0,0,0,0,1721315228556732400
-1,29.91,-1,13.74,-1,85.56,14.0,0,0,0,0,0,0,0,1721315228606020700
-1,29.91,-1,13.02,-1,86.29,14.0,0,0,0,0,0,0,0,1721315228655019300
-1,29.91,-1,13.02,-1,84.83,14.0,0,0,0,0,0,0,0,1721315228704053800
-1,29.7,-1,13.02,-1,81.25,14.0,0,0,0,0,0,0,0,1721315228753047200
-1,29.91,-1,12.84,-1,81.25,14.0,0,0,0,0,0,0,0,1721315228802578300
-1,29.91,-1,13.56,-1,87.03,13.0,0,0,0,0,0,0,0,1721315228851578900
-1,29.7,-1,13.2,-1,89.26,14.0,0,0,0,0,0,0,0,1721315228901106800
-1,29.91,-1,13.38,-1,91.16,14.0,0,0,0,0,0,0,0,1721315228950107500
-1,29.91,-1,13.74,-1,92.32,14.0,0,0,0,0,0,0,0,1721315228999628900
-1,29.91,-1,13.92,-1,92.7,13.0,0,0,0,0,0,0,0,1721315229048627800
-1,29.91,-1,13.92,-1,88.51,14.0,0,0,0,0,0,0,0,1721315229097153700
-1,29.91,-1,14.46,-1,88.89,14.0,0,0,0,0,0,0,0,1721315229146152800
-1,29.91,-1,13.74,-1,73.08,14.0,0,0,0,0,0,0,0,1721315229195203200
-1,29.91,-1,13.2,-1,69.85,14.0,0,0,0,0,0,0,0,1721315229245195300
-1,29.91,-1,13.38,-1,77.44,14.0,0,0,0,0,0,0,0,1721315229294290900
-1,29.7,-1,13.2,-1,89.64,14.0,0,0,0,0,0,0,0,1721315229339302000
-1,29.91,-1,13.56,-1,92.32,14.0,0,0,0,0,0,0,0,1721315229388294700
-1,29.7,-1,13.56,-1,87.77,14.0,0,0,0,0,0,0,0,1721315229437614400
-1,29.91,-1,13.56,-1,80.9,13.0,0,0,0,0,0,0,0,1721315229486632000
-1,29.7,-1,14.28,-1,88.89,14.0,0,0,0,0,0,0,0,1721315229536154200
-1,29.91,-1,14.46,-1,84.1,14.0,0,0,0,0,0,0,0,1721315229585163300
-1,29.91,-1,14.46,-1,88.89,14.0,0,0,0,0,0,0,0,1721315229634216300
-1,29.91,-1,14.46,-1,88.89,14.0,0,0,0,0,0,0,0,1721315229683215000
-1,29.7,-1,14.1,-1,88.14,14.0,0,0,0,0,0,0,0,1721315229732404700
-1,29.91,-1,14.1,-1,90.78,14.0,0,0,0,0,0,0,0,1721315229781412000
-1,29.91,-1,14.46,-1,90.78,13.0,0,0,0,0,0,0,0,1721315229830950000
-1,29.91,-1,14.64,-1,92.32,14.0,0,0,0,0,0,0,0,1721315229879963100
-1,29.91,-1,14.64,-1,85.19,14.0,0,0,0,0,0,0,0,1721315229928473500
-1,29.7,-1,14.28,-1,85.56,14.0,0,0,0,0,0,0,0,1721315229978477600
-1,29.91,-1,13.74,-1,85.56,14.0,0,0,0,0,0,0,0,1721315230027503200
-1,29.91,-1,13.56,-1,84.83,13.0,0,0,0,0,0,0,0,1721315230076503800
-1,29.91,-1,13.38,-1,86.66,14.0,0,0,0,0,0,0,0,1721315230121619800
-1,29.91,-1,13.74,-1,88.51,14.0,0,0,0,0,0,0,0,1721315230170628200
-1,29.91,-1,13.92,-1,88.51,14.0,0,0,0,0,0,0,0,1721315230219655500
-1,29.7,-1,13.56,-1,91.16,14.0,0,0,0,0,0,0,0,1721315230268654500
-1,29.7,-1,13.38,-1,93.48,14.0,0,0,0,0,0,0,0,1721315230317668700
-1,29.91,-1,13.38,-1,93.48,14.0,0,0,0,0,0,0,0,1721315230366669300
-1,29.91,-1,13.2,-1,100.7,14.0,0,0,0,0,0,0,0,1721315230416190500
-1,29.91,-1,13.56,-1,96.64,14.0,0,0,0,0,0,0,0,1721315230465187600
-1,29.7,-1,13.38,-1,94.65,14.0,0,0,0,0,0,0,0,1721315230514716100
-1,29.7,-1,13.38,-1,97.44,14.0,0,0,0,0,0,0,0,1721315230563726900
-1,29.7,-1,13.56,-1,100.29,14.0,0,0,0,0,0,0,0,1721315230612757600
-1,29.91,-1,13.38,-1,99.06,14.0,0,0,0,0,0,0,0,1721315230661757500
-1,29.91,-1,13.74,-1,97.84,14.0,0,0,0,0,0,0,0,1721315230711304400
-1,29.91,-1,13.56,-1,106.61,14.0,0,0,0,0,0,0,0,1721315230760303300
-1,29.91,-1,13.38,-1,107.47,14.0,0,0,0,0,0,0,0,1721315230813820000
-1,29.91,-1,14.82,-1,105.75,14.0,0,0,0,0,0,0,0,1721315230862823300
-1,29.91,-1,15.19,-1,101.53,14.0,0,0,0,0,0,0,0,1721315230912355000
-1,29.91,-1,15.56,-1,99.88,14.0,0,0,0,0,0,0,0,1721315230961368500
-1,29.91,-1,16.11,-1,102.36,14.0,0,0,0,0,0,0,0,1721315231009883000
-1,29.91,-1,16.48,-1,103.2,14.0,0,0,0,0,0,0,0,1721315231059292400
-1,29.7,-1,16.67,-1,102.78,14.0,0,0,0,0,0,0,0,1721315231108813600
-1,29.7,-1,16.48,-1,103.62,14.0,0,0,0,0,0,0,0,1721315231161810900
-1,29.7,-1,16.48,-1,106.18,14.0,0,0,0,0,0,0,0,1721315231211332800
-1,29.91,-1,17.04,-1,107.47,14.0,0,0,0,0,0,0,0,1721315231260336400
-1,29.7,-1,16.85,-1,107.91,14.0,0,0,0,0,0,0,0,1721315231308874900
-1,29.91,-1,16.67,-1,107.47,14.0,0,0,0,0,0,0,0,1721315231357885900
-1,29.91,-1,17.42,-1,102.78,13.0,0,0,0,0,0,0,0,1721315231411401500
-1,29.91,-1,17.79,-1,101.53,14.0,0,0,0,0,0,0,0,1721315231460414100
-1,29.7,-1,17.04,-1,101.53,14.0,0,0,0,0,0,0,0,1721315231509932100
-1,29.91,-1,17.23,-1,103.2,14.0,0,0,0,0,0,0,0,1721315231558938200
-1,29.91,-1,17.04,-1,102.78,14.0,0,0,0,0,0,0,0,1721315231608227400
-1,29.91,-1,17.23,-1,100.7,14.0,0,0,0,0,0,0,0,1721315231661228600
-1,29.7,-1,17.23,-1,101.53,14.0,0,0,0,0,0,0,0,1721315231710288000
-1,29.7,-1,17.23,-1,99.06,13.0,0,0,0,0,0,0,0,1721315231759299500
-1,29.91,-1,17.23,-1,99.88,14.0,0,0,0,0,0,0,0,1721315231808817700
-1,29.7,-1,17.23,-1,101.53,14.0,0,0,0,0,0,0,0,1721315231857806300
-1,29.91,-1,16.48,-1,101.11,14.0,0,0,0,0,0,0,0,1721315231907345400
-1,29.7,-1,16.48,-1,101.11,14.0,0,0,0,0,0,0,0,1721315231956346900
-1,29.91,-1,15.56,-1,102.36,14.0,0,0,0,0,0,0,0,1721315232005866600
-1,29.7,-1,17.23,-1,103.62,14.0,0,0,0,0,0,0,0,1721315232058865400
-1,29.91,-1,17.42,-1,104.04,14.0,0,0,0,0,0,0,0,1721315232108396500
-1,29.91,-1,17.42,-1,103.2,14.0,0,0,0,0,0,0,0,1721315232157394600
-1,29.91,-1,17.98,-1,101.94,14.0,0,0,0,0,0,0,0,1721315232206551300
-1,29.7,-1,17.98,-1,101.53,14.0,0,0,0,0,0,0,0,1721315232254953600
-1,29.7,-1,17.42,-1,96.24,14.0,0,0,0,0,0,0,0,1721315232304936100
-1,29.48,-1,17.98,-1,92.32,14.0,0,0,0,0,0,0,0,1721315232353993500
-1,29.91,-1,17.98,-1,91.93,14.0,0,0,0,0,0,0,0,1721315232402596200
-1,29.7,-1,18.55,-1,87.03,14.0,0,0,0,0,0,0,0,1721315232452352600
-1,29.91,-1,18.17,-1,90.4,14.0,0,0,0,0,0,0,0,1721315232501143400
-1,29.7,-1,17.79,-1,93.48,14.0,0,0,0,0,0,0,0,1721315232550639900
-1,29.91,-1,17.79,-1,95.84,13.0,0,0,0,0,0,0,0,1721315232599662400
-1,29.91,-1,17.42,-1,97.04,14.0,0,0,0,0,0,0,0,1721315232649128500
-1,29.91,-1,17.98,-1,96.24,13.0,0,0,0,0,0,0,0,1721315232697764200
-1,29.7,-1,18.17,-1,95.84,14.0,0,0,0,0,0,0,0,1721315232746543500
-1,29.7,-1,17.79,-1,99.06,14.0,0,0,0,0,0,0,0,1721315232795741200
-1,29.91,-1,17.6,-1,101.11,14.0,0,0,0,0,0,0,0,1721315232845342300
-1,29.91,-1,17.79,-1,101.11,14.0,0,0,0,0,0,0,0,1721315232894385500
-1,29.91,-1,17.79,-1,103.2,13.0,0,0,0,0,0,0,0,1721315232943038400
-1,29.91,-1,17.79,-1,103.2,14.0,0,0,0,0,0,0,0,1721315232992773400
-1,29.91,-1,17.79,-1,101.94,14.0,0,0,0,0,0,0,0,1721315233045805500
-1,29.91,-1,17.42,-1,100.7,14.0,0,0,0,0,0,0,0,1721315233095028700
-1,29.91,-1,16.67,-1,101.11,14.0,0,0,0,0,0,0,0,1721315233144211300
-1,29.91,-1,21.26,-1,101.11,14.0,0,0,0,0,0,0,0,1721315233193587900
-1,29.91,-1,29.27,-1,101.94,14.0,0,0,0,0,0,0,0,1721315233242761700
-1,29.7,-1,25.48,-1,102.78,14.0,0,0,0,0,0,0,0,1721315233291860200
-1,30.13,-1,12.48,-1,104.04,14.0,0,0,0,0,0,0,0,1721315233344798200
-1,29.91,-1,13.92,-1,104.47,14.0,0,0,0,0,0,0,0,1721315233394227700
-1,29.91,-1,17.04,-1,103.2,14.0,0,0,0,0,0,0,0,1721315233443384800
-1,29.91,-1,17.42,-1,104.89,14.0,0,0,0,0,0,0,0,1721315233492731200
-1,29.7,-1,17.98,-1,106.18,14.0,0,0,0,0,0,0,0,1721315233541635100
-1,29.91,-1,17.79,-1,106.61,14.0,0,0,0,0,0,0,0,1721315233594893100
-1,29.91,-1,17.79,-1,106.18,14.0,0,0,0,0,0,0,0,1721315233643885300
-1,29.7,-1,17.42,-1,106.61,14.0,0,0,0,0,0,0,0,1721315233693100000
-1,29.91,-1,17.6,-1,107.47,14.0,0,0,0,0,0,0,0,1721315233742010100
-1,29.91,-1,17.04,-1,105.32,14.0,0,0,0,0,0,0,0,1721315233791803900
-1,29.91,-1,16.67,-1,103.2,14.0,0,0,0,0,0,0,0,1721315233844799300
-1,29.91,-1,17.04,-1,102.36,14.0,0,0,0,0,0,0,0,1721315233893886600
-1,29.91,-1,16.67,-1,97.04,14.0,0,0,0,0,0,0,0,1721315233942589500
-1,29.91,-1,16.48,-1,96.24,14.0,0,0,0,0,0,0,0,1721315233992360500
-1,29.91,-1,15.92,-1,90.4,13.0,0,0,0,0,0,0,0,1721315234041658800
-1,29.7,-1,15.74,-1,93.48,14.0,0,0,0,0,0,0,0,1721315234090504100
-1,29.91,-1,15.56,-1,93.48,14.0,0,0,0,0,0,0,0,1721315234135139900
-1,29.7,-1,15.56,-1,88.51,14.0,0,0,0,0,0,0,0,1721315234185222800
-1,29.91,-1,16.29,-1,88.14,14.0,0,0,0,0,0,0,0,1721315234233437700
-1,29.7,-1,16.29,-1,90.02,14.0,0,0,0,0,0,0,0,1721315234282199300
-1,29.7,-1,16.48,-1,91.16,14.0,0,0,0,0,0,0,0,1721315234331752400
-1,29.7,-1,16.67,-1,90.4,14.0,0,0,0,0,0,0,0,1721315234381110300
-1,29.91,-1,16.48,-1,85.19,14.0,0,0,0,0,0,0,0,1721315234430630200
-1,29.7,-1,16.85,-1,86.29,13.0,0,0,0,0,0,0,0,1721315234479756200
-1,29.91,-1,16.67,-1,93.48,13.0,0,0,0,0,0,0,0,1721315234528772000
-1,29.91,-1,16.48,-1,97.44,14.0,0,0,0,0,0,0,0,1721315234577264800
-1,30.13,-1,16.11,-1,98.65,13.0,0,0,0,0,0,0,0,1721315234626467300
-1,29.91,-1,16.11,-1,101.11,14.0,0,0,0,0,0,0,0,1721315234676210300
-1,29.7,-1,15.56,-1,100.29,13.0,0,0,0,0,0,0,0,1721315234724948500
-1,29.91,-1,16.29,-1,100.7,14.0,0,0,0,0,0,0,0,1721315234774674800
-1,29.7,-1,15.92,-1,101.94,14.0,0,0,0,0,0,0,0,1721315234827294300
-1,29.91,-1,15.92,-1,103.2,14.0,0,0,0,0,0,0,0,1721315234877199200
-1,29.91,-1,15.37,-1,104.47,14.0,0,0,0,0,0,0,0,1721315234925612200
-1,29.7,-1,14.82,-1,101.11,14.0,0,0,0,0,0,0,0,1721315234974521600
-1,29.7,-1,14.82,-1,99.47,14.0,0,0,0,0,0,0,0,1721315235024089600
-1,29.91,-1,15.01,-1,100.29,14.0,0,0,0,0,0,0,0,1721315235073604000
-1,29.91,-1,15.19,-1,102.78,14.0,0,0,0,0,0,0,0,1721315235122684900
-1,29.91,-1,15.19,-1,104.89,14.0,0,0,0,0,0,0,0,1721315235176075100
-1,29.7,-1,15.37,-1,101.94,14.0,0,0,0,0,0,0,0,1721315235224733100
-1,29.91,-1,15.01,-1,109.23,14.0,0,0,0,0,0,0,0,1721315235274154500
-1,29.7,-1,15.37,-1,113.25,14.0,0,0,0,0,0,0,0,1721315235323383800
-1,29.91,-1,15.37,-1,115.54,14.0,0,0,0,0,0,0,0,1721315235372331700
-1,29.7,-1,14.64,-1,112.8,14.0,0,0,0,0,0,0,0,1721315235425625800
-1,29.7,-1,14.64,-1,115.54,14.0,0,0,0,0,0,0,0,1721315235474234200
-1,29.91,-1,15.92,-1,119.29,14.0,0,0,0,0,0,0,0,1721315235523349800
-1,29.91,-1,16.11,-1,120.24,14.0,0,0,0,0,0,0,0,1721315235573438200
-1,29.91,-1,17.04,-1,122.16,14.0,0,0,0,0,0,0,0,1721315235622520500
-1,29.7,-1,16.67,-1,129.63,14.0,0,0,0,0,0,0,0,1721315235675868800
-1,29.91,-1,16.11,-1,134.83,14.0,0,0,0,0,0,0,0,1721315235724739900
-1,29.7,-1,16.29,-1,133.25,14.0,0,0,0,0,0,0,0,1721315235773415000
-1,29.91,-1,17.04,-1,121.68,14.0,0,0,0,0,0,0,0,1721315235822928900
-1,29.91,-1,17.6,-1,108.35,13.0,0,0,0,0,0,0,0,1721315235871924200
-1,30.13,-1,17.6,-1,103.62,14.0,0,0,0,0,0,0,0,1721315235921441500
-1,29.91,-1,17.6,-1,99.06,14.0,0,0,0,0,0,0,0,1721315235970440200
-1,29.91,-1,17.79,-1,93.87,13.0,0,0,0,0,0,0,0,1721315236018975900
-1,29.91,-1,17.6,-1,82.31,14.0,0,0,0,0,0,0,0,1721315236068976100
-1,29.91,-1,17.79,-1,75.41,14.0,0,0,0,0,0,0,0,1721315236117517200
-1,29.7,-1,17.79,-1,75.41,14.0,0,0,0,0,0,0,0,1721315236166516100
-1,29.7,-1,18.17,-1,69.53,13.0,0,0,0,0,0,0,0,1721315236215703300
-1,29.7,-1,18.17,-1,58.91,14.0,0,0,0,0,0,0,0,1721315236264699300
-1,29.91,-1,17.98,-1,54.11,14.0,0,0,0,0,0,0,0,1721315236314780100
-1,29.91,-1,18.17,-1,51.11,14.0,0,0,0,0,0,0,0,1721315236363781800
-1,29.7,-1,17.79,-1,60.66,14.0,0,0,0,0,0,0,0,1721315236412959700
-1,29.91,-1,16.48,-1,55.22,14.0,0,0,0,0,0,0,0,1721315236461959300
-1,29.91,-1,16.29,-1,54.66,14.0,0,0,0,0,0,0,0,1721315236511012200
-1,29.91,-1,16.48,-1,54.38,13.0,0,0,0,0,0,0,0,1721315236560013200
-1,29.91,-1,17.23,-1,60.07,14.0,0,0,0,0,0,0,0,1721315236609531000
-1,29.91,-1,16.85,-1,65.46,14.0,0,0,0,0,0,0,0,1721315236658533900
-1,29.7,-1,16.85,-1,73.74,14.0,0,0,0,0,0,0,0,1721315236703048700
-1,29.91,-1,16.29,-1,87.03,14.0,0,0,0,0,0,0,0,1721315236753046100
-1,29.91,-1,16.11,-1,91.16,14.0,0,0,0,0,0,0,0,1721315236801534200
-1,29.7,-1,15.92,-1,92.32,14.0,0,0,0,0,0,0,0,1721315236850536100
-1,29.7,-1,15.74,-1,91.93,13.0,0,0,0,0,0,0,0,1721315236900064800
-1,29.91,-1,15.74,-1,90.78,14.0,0,0,0,0,0,0,0,1721315236949061900
-1,29.7,-1,15.74,-1,91.55,14.0,0,0,0,0,0,0,0,1721315236998126400
-1,29.91,-1,15.92,-1,94.65,14.0,0,0,0,0,0,0,0,1721315237047128800
-1,29.91,-1,13.92,-1,97.04,14.0,0,0,0,0,0,0,0,1721315237096641300
-1,29.91,-1,17.98,-1,100.29,14.0,0,0,0,0,0,0,0,1721315237145656600
-1,29.7,-1,15.19,-1,99.06,14.0,0,0,0,0,0,0,0,1721315237194652700
-1,29.7,-1,13.92,-1,98.65,13.0,0,0,0,0,0,0,0,1721315237244184200
-1,29.7,-1,18.36,-1,101.94,14.0,0,0,0,0,0,0,0,1721315237293188900
-1,29.7,-1,18.36,-1,104.47,14.0,0,0,0,0,0,0,0,1721315237342322200
-1,29.91,-1,17.42,-1,116.47,14.0,0,0,0,0,0,0,0,1721315237395341000
-1,29.91,-1,16.85,-1,125.6,14.0,0,0,0,0,0,0,0,1721315237444659000
-1,29.7,-1,15.74,-1,118.81,14.0,0,0,0,0,0,0,0,1721315237494111200
-1,29.7,-1,15.56,-1,108.79,13.0,0,0,0,0,0,0,0,1721315237542640600
-1,29.91,-1,15.56,-1,104.47,14.0,0,0,0,0,0,0,0,1721315237592635600
-1,29.7,-1,15.74,-1,106.18,13.0,0,0,0,0,0,0,0,1721315237645141000
-1,29.91,-1,15.56,-1,117.87,14.0,0,0,0,0,0,0,0,1721315237694143600
-1,29.7,-1,15.37,-1,118.81,14.0,0,0,0,0,0,0,0,1721315237743673700
-1,29.7,-1,15.37,-1,117.87,14.0,0,0,0,0,0,0,0,1721315237792671800
-1,29.91,-1,14.64,-1,114.16,14.0,0,0,0,0,0,0,0,1721315237842189900
-1,29.91,-1,14.28,-1,107.47,13.0,0,0,0,0,0,0,0,1721315237891202900
-1,29.91,-1,14.28,-1,107.47,14.0,0,0,0,0,0,0,0,1721315237944728300
-1,29.91,-1,14.1,-1,109.67,14.0,0,0,0,0,0,0,0,1721315237994029900
-1,29.91,-1,13.92,-1,107.47,14.0,0,0,0,0,0,0,0,1721315238043066000
-1,29.91,-1,13.92,-1,102.36,14.0,0,0,0,0,0,0,0,1721315238092074300
-1,29.91,-1,13.92,-1,97.84,13.0,0,0,0,0,0,0,0,1721315238141590400
-1,29.7,-1,13.92,-1,97.04,14.0,0,0,0,0,0,0,0,1721315238190587600
-1,29.91,-1,13.74,-1,94.26,14.0,0,0,0,0,0,0,0,1721315238239099800
-1,29.91,-1,13.92,-1,95.84,14.0,0,0,0,0,0,0,0,1721315238288103200
-1,29.91,-1,13.74,-1,95.44,14.0,0,0,0,0,0,0,0,1721315238337621200
-1,29.91,-1,13.74,-1,97.84,14.0,0,0,0,0,0,0,0,1721315238386636700
-1,29.91,-1,13.74,-1,96.64,14.0,0,0,0,0,0,0,0,1721315238436157600
-1,29.7,-1,13.74,-1,95.05,13.0,0,0,0,0,0,0,0,1721315238485168100
-1,29.91,-1,13.74,-1,90.4,14.0,0,0,0,0,0,0,0,1721315238534712400
-1,29.91,-1,14.64,-1,92.7,14.0,0,0,0,0,0,0,0,1721315238583732300
-1,29.91,-1,14.82,-1,95.05,13.0,0,0,0,0,0,0,0,1721315238632255200
-1,29.7,-1,14.82,-1,98.25,13.0,0,0,0,0,0,0,0,1721315238677256300
-1,30.13,-1,14.82,-1,104.04,14.0,0,0,0,0,0,0,0,1721315238730810200
-1,29.91,-1,14.82,-1,106.61,14.0,0,0,0,0,0,0,0,1721315238779806800
-1,29.91,-1,14.82,-1,106.61,14.0,0,0,0,0,0,0,0,1721315238829356700
-1,29.91,-1,14.64,-1,104.89,14.0,0,0,0,0,0,0,0,1721315238878356400
-1,29.91,-1,17.6,-1,104.04,13.0,0,0,0,0,0,0,0,1721315238927972000
-1,29.91,-1,23.65,-1,104.04,14.0,0,0,0,0,0,0,0,1721315238980892600
-1,29.91,-1,32.77,-1,121.68,14.0,0,0,0,0,0,0,0,1721315239030401600
-1,29.91,-1,35.71,-1,123.14,14.0,0,0,0,0,0,0,0,1721315239079407100
-1,29.7,-1,27.99,-1,115.08,13.0,0,0,0,0,0,0,0,1721315239127930800
-1,29.91,-1,13.38,-1,114.62,13.0,0,0,0,0,0,0,0,1721315239176932300
-1,29.91,-1,13.74,-1,111.0,14.0,0,0,0,0,0,0,0,1721315239230036100
-1,29.91,-1,13.74,-1,109.23,14.0,0,0,0,0,0,0,0,1721315239280027900
-1,29.91,-1,12.48,-1,107.04,13.0,0,0,0,0,0,0,0,1721315239328555100
-1,29.91,-1,11.25,-1,107.47,13.0,0,0,0,0,0,0,0,1721315239377551000
-1,29.91,-1,12.84,-1,95.05,13.0,0,0,0,0,0,0,0,1721315239427656600
-1,29.7,-1,12.48,-1,93.87,13.0,0,0,0,0,0,0,0,1721315239476646100
-1,29.7,-1,12.48,-1,97.44,14.0,0,0,0,0,0,0,0,1721315239525185600
-1,29.91,-1,12.84,-1,100.7,13.0,0,0,0,0,0,0,0,1721315239574192000
-1,29.7,-1,12.84,-1,101.94,14.0,0,0,0,0,0,0,0,1721315239623737700
-1,29.7,-1,13.2,-1,103.62,13.0,0,0,0,0,0,0,0,1721315239676744300
-1,29.7,-1,13.38,-1,104.89,13.0,0,0,0,0,0,0,0,1721315239726263500
-1,29.7,-1,13.92,-1,106.18,13.0,0,0,0,0,0,0,0,1721315239775266500
-1,29.91,-1,13.92,-1,104.04,13.0,0,0,0,0,0,0,0,1721315239824829100
-1,29.91,-1,13.74,-1,103.2,14.0,0,0,0,0,0,0,0,1721315239873811800
-1,29.91,-1,13.56,-1,90.02,14.0,0,0,0,0,0,0,0,1721315239922358800
-1,29.91,-1,13.02,-1,70.81,14.0,0,0,0,0,0,0,0,1721315239972009900
-1,29.91,-1,13.56,-1,47.94,14.0,0,0,0,0,0,0,0,1721315240021565000
-1,29.7,-1,13.38,-1,31.44,13.0,0,0,0,0,0,0,0,1721315240070571300
-1,29.7,-1,13.38,-1,32.55,13.0,0,0,0,0,0,0,0,1721315240119093700
-1,29.7,-1,12.48,-1,22.05,13.0,0,0,0,0,0,0,0,1721315240168092700
-1,29.7,-1,12.48,-1,17.04,13.0,0,0,0,0,0,0,0,1721315240217226200
-1,29.91,-1,12.84,-1,15.37,14.0,0,0,0,0,0,0,0,1721315240267220900
-1,29.91,-1,12.84,-1,15.56,14.0,0,0,0,0,0,0,0,1721315240315762300
-1,29.7,-1,12.66,-1,19.89,14.0,0,0,0,0,0,0,0,1721315240364768800
-1,29.7,-1,12.66,-1,20.28,14.0,0,0,0,0,0,0,0,1721315240414285400
-1,29.7,-1,12.48,-1,21.26,13.0,0,0,0,0,0,0,0,1721315240459296800
-1,29.7,-1,12.48,-1,27.78,13.0,0,0,0,0,0,0,0,1721315240508833200
-1,29.91,-1,12.66,-1,24.66,14.0,0,0,0,0,0,0,0,1721315240557835000
-1,29.7,-1,12.48,-1,26.94,13.0,0,0,0,0,0,0,0,1721315240606457400
-1,29.7,-1,12.31,-1,25.48,13.0,0,0,0,0,0,0,0,1721315240656446300
-1,29.91,-1,12.48,-1,29.91,13.0,0,0,0,0,0,0,0,1721315240705574200
-1,29.91,-1,12.84,-1,32.55,13.0,0,0,0,0,0,0,0,1721315240754573800
-1,29.7,-1,12.66,-1,32.99,13.0,0,0,0,0,0,0,0,1721315240803152900
-1,29.7,-1,12.48,-1,31.44,14.0,0,0,0,0,0,0,0,1721315240852090100
-1,29.7,-1,12.48,-1,32.99,13.0,0,0,0,0,0,0,0,1721315240901635600
-1,29.91,-1,12.31,-1,33.89,13.0,0,0,0,0,0,0,0,1721315240950635000
-1,29.91,-1,12.31,-1,32.99,13.0,0,0,0,0,0,0,0,1721315241000155000
-1,29.91,-1,12.13,-1,35.94,14.0,0,0,0,0,0,0,0,1721315241049156500
-1,29.91,-1,12.31,-1,33.44,13.0,0,0,0,0,0,0,0,1721315241098690200
-1,29.91,-1,12.66,-1,35.25,14.0,0,0,0,0,0,0,0,1721315241147699300
-1,29.7,-1,11.95,-1,36.63,13.0,0,0,0,0,0,0,0,1721315241196720500
-1,29.7,-1,12.13,-1,36.4,14.0,0,0,0,0,0,0,0,1721315241241822200
-1,29.91,-1,12.31,-1,34.11,14.0,0,0,0,0,0,0,0,1721315241290826000
-1,29.7,-1,11.95,-1,34.34,13.0,0,0,0,0,0,0,0,1721315241340361300
-1,29.7,-1,11.78,-1,53.28,13.0,0,0,0,0,0,0,0,1721315241389358400
-1,29.91,-1,12.13,-1,53.28,14.0,0,0,0,0,0,0,0,1721315241437893700
-1,29.7,-1,12.48,-1,58.91,13.0,0,0,0,0,0,0,0,1721315241487908100
-1,29.91,-1,13.02,-1,56.62,14.0,0,0,0,0,0,0,0,1721315241536440700
-1,29.7,-1,14.28,-1,59.2,14.0,0,0,0,0,0,0,0,1721315241585449000
-1,29.7,-1,14.46,-1,75.41,14.0,0,0,0,0,0,0,0,1721315241634960700
-1,29.91,-1,14.46,-1,73.74,13.0,0,0,0,0,0,0,0,1721315241683958200
-1,29.7,-1,14.1,-1,66.7,13.0,0,0,0,0,0,0,0,1721315241733492500
-1,29.7,-1,14.28,-1,56.34,13.0,0,0,0,0,0,0,0,1721315241782477200
-1,29.91,-1,14.64,-1,34.8,13.0,0,0,0,0,0,0,0,1721315241831565700
-1,29.91,-1,14.82,-1,34.57,13.0,0,0,0,0,0,0,0,1721315241880562700
-1,29.7,-1,14.1,-1,34.57,13.0,0,0,0,0,0,0,0,1721315241930166900
-1,29.7,-1,14.46,-1,35.48,13.0,0,0,0,0,0,0,0,1721315241979087100
-1,29.7,-1,14.28,-1,33.44,13.0,0,0,0,0,0,0,0,1721315242023718000
-1,29.7,-1,14.82,-1,37.8,13.0,0,0,0,0,0,0,0,1721315242072717700
-1,29.91,-1,14.64,-1,52.46,14.0,0,0,0,0,0,0,0,1721315242122253800
-1,29.91,-1,14.64,-1,54.94,14.0,0,0,0,0,0,0,0,1721315242171256100
-1,29.7,-1,14.1,-1,58.05,14.0,0,0,0,0,0,0,0,1721315242220793800
-1,29.91,-1,13.74,-1,60.95,14.0,0,0,0,0,0,0,0,1721315242269793000
-1,29.91,-1,14.46,-1,60.36,13.0,0,0,0,0,0,0,0,1721315242319341900
-1,29.7,-1,13.92,-1,60.66,13.0,0,0,0,0,0,0,0,1721315242368347000
-1,29.7,-1,14.1,-1,61.25,14.0,0,0,0,0,0,0,0,1721315242416895300
-1,29.91,-1,13.92,-1,54.38,13.0,0,0,0,0,0,0,0,1721315242465964200
-1,29.7,-1,14.28,-1,54.38,14.0,0,0,0,0,0,0,0,1721315242515441300
-1,29.7,-1,14.1,-1,38.27,14.0,0,0,0,0,0,0,0,1721315242564449400
-1,29.7,-1,14.28,-1,35.25,14.0,0,0,0,0,0,0,0,1721315242613971900
-1,29.91,-1,14.1,-1,35.94,14.0,0,0,0,0,0,0,0,1721315242662959600
-1,29.91,-1,14.28,-1,36.87,13.0,0,0,0,0,0,0,0,1721315242712487200
-1,29.7,-1,14.1,-1,35.94,13.0,0,0,0,0,0,0,0,1721315242757494800
-1,29.7,-1,14.28,-1,35.71,13.0,0,0,0,0,0,0,0,1721315242806243900
-1,29.91,-1,13.56,-1,34.8,13.0,0,0,0,0,0,0,0,1721315242855596600
-1,29.7,-1,14.82,-1,33.66,14.0,0,0,0,0,0,0,0,1721315242905142400
-1,29.91,-1,15.56,-1,27.36,13.0,0,0,0,0,0,0,0,1721315242954143800
-1,29.91,-1,15.56,-1,26.73,13.0,0,0,0,0,0,0,0,1721315243002691100
-1,29.7,-1,15.37,-1,23.25,13.0,0,0,0,0,0,0,0,1721315243051688100
-1,29.7,-1,15.37,-1,25.07,14.0,0,0,0,0,0,0,0,1721315243100909400
-1,29.91,-1,15.19,-1,26.52,14.0,0,0,0,0,0,0,0,1721315243149899800
-1,29.7,-1,14.82,-1,35.48,13.0,0,0,0,0,0,0,0,1721315243199911100
-1,29.7,-1,15.19,-1,40.18,14.0,0,0,0,0,0,0,0,1721315243249016000
-1,29.91,-1,13.56,-1,41.39,14.0,0,0,0,0,0,0,0,1721315243298029000
-1,29.7,-1,13.74,-1,45.12,13.0,0,0,0,0,0,0,0,1721315243346573900
-1,29.7,-1,13.38,-1,40.66,14.0,0,0,0,0,0,0,0,1721315243395573000
-1,29.7,-1,13.38,-1,53.28,14.0,0,0,0,0,0,0,0,1721315243445248500
-1,29.7,-1,13.2,-1,43.86,13.0,0,0,0,0,0,0,0,1721315243494256100
-1,29.7,-1,13.38,-1,38.75,14.0,0,0,0,0,0,0,0,1721315243539809400
-1,29.7,-1,13.2,-1,38.75,13.0,0,0,0,0,0,0,0,1721315243588800400
-1,29.7,-1,12.84,-1,38.51,14.0,0,0,0,0,0,0,0,1721315243637448700
-1,29.7,-1,12.84,-1,38.98,13.0,0,0,0,0,0,0,0,1721315243686449900
-1,29.7,-1,12.84,-1,38.98,13.0,0,0,0,0,0,0,0,1721315243736080600
-1,29.91,-1,12.84,-1,38.75,14.0,0,0,0,0,0,0,0,1721315243784983600
-1,29.91,-1,12.66,-1,39.22,13.0,0,0,0,0,0,0,0,1721315243834214300
-1,29.91,-1,12.66,-1,27.15,13.0,0,0,0,0,0,0,0,1721315243883206800
-1,29.91,-1,13.02,-1,20.87,14.0,0,0,0,0,0,0,0,1721315243932767600
-1,29.7,-1,12.84,-1,-1,13.0,0,0,0,0,0,0,0,1721315243969775800
-1,29.7,-1,13.2,-1,-1,13.0,0,0,0,0,0,0,0,1721315244006320100
-1,29.7,-1,13.2,-1,-1,14.0,0,0,0,0,0,0,0,1721315244043313000
-1,29.7,-1,13.02,-1,-1,13.0,0,0,0,0,0,0,0,1721315244075986800
-1,29.7,-1,12.84,-1,-1,13.0,0,0,0,0,0,0,0,1721315244112539100
-1,29.7,-1,12.84,-1,-1,13.0,0,0,0,0,0,0,0,1721315244149528400
-1,29.7,-1,13.2,-1,-1,13.0,0,0,0,0,0,0,0,1721315244186534100
-1,29.7,-1,12.66,-1,-1,14.0,0,0,0,0,0,0,0,1721315244223062000
-1,29.7,-1,12.66,-1,-1,13.0,0,0,0,0,0,0,0,1721315244260061000
-1,29.7,-1,12.48,-1,-1,13.0,0,0,0,0,0,0,0,1721315244297074400
-1,29.7,-1,12.13,-1,-1,13.0,0,0,0,0,0,0,0,1721315244333602200
-1,29.7,-1,12.13,-1,-1,13.0,0,0,0,0,0,0,0,1721315244370593900
-1,29.91,-1,11.6,-1,-1,13.0,0,0,0,0,0,0,0,1721315244404121000
-1,29.7,-1,11.43,-1,-1,13.0,0,0,0,0,0,0,0,1721315244440123400
-1,29.7,-1,11.43,-1,-1,13.0,0,0,0,0,0,0,0,1721315244477138700
-1,29.7,-1,11.78,-1,-1,13.0,0,0,0,0,0,0,0,1721315244514646100
-1,29.7,-1,29.91,-1,-1,13.0,0,0,0,0,0,0,0,1721315244550648200
-1,29.91,-1,26.73,-1,-1,13.0,0,0,0,0,0,0,0,1721315244588657600
-1,29.7,-1,33.66,-1,-1,13.0,0,0,0,0,0,0,0,1721315244625172900
-1,29.7,-1,35.25,-1,-1,13.0,0,0,0,0,0,0,0,1721315244661172400
-1,29.91,-1,34.11,-1,-1,13.0,0,0,0,0,0,0,0,1721315244698258300
-1,29.7,-1,36.4,-1,-1,13.0,0,0,0,0,0,0,0,1721315244731792200
-1,29.7,-1,37.1,-1,-1,13.0,0,0,0,0,0,0,0,1721315244767797900
-1,29.91,-1,35.94,-1,-1,13.0,0,0,0,0,0,0,0,1721315244805341700
-1,29.7,-1,29.7,-1,-1,13.0,0,0,0,0,0,0,0,1721315244842338600
-1,29.7,-1,25.07,-1,-1,13.0,0,0,0,0,0,0,0,1721315244878334900
-1,29.7,-1,55.5,-1,-1,13.0,0,0,0,0,0,0,0,1721315244915886500
-1,29.7,-1,288.95,-1,-1,13.0,0,0,0,0,0,0,0,1721315244952886700
-1,29.91,-1,656.35,-1,-1,13.0,0,0,0,0,0,0,0,1721315244989903500
-1,29.7,-1,1632.46,-1,-1,13.0,0,0,0,0,0,0,0,1721315245030431800
-1,29.7,-1,2411.11,-1,-1,13.0,0,0,0,0,0,0,0,1721315245067240100
-1,29.7,-1,3094.46,-1,-1,13.0,0,0,0,1,0,0,0,1721315245103797900
-1,29.7,-1,3541.41,-1,-1,13.0,0,0,0,1,0,0,0,1721315245144792100
-1,29.7,-1,3925.51,-1,-1,13.0,0,0,0,1,0,0,0,1721315245181792500
-1,29.7,-1,4064.44,-1,-1,13.0,0,0,0,1,0,0,0,1721315245222332800
-1,29.7,-1,4209.41,-1,-1,13.0,0,0,0,1,0,0,0,1721315245259326000
-1,29.7,-1,4519.12,-1,0.3,13.0,0,0,0,1,0,0,0,1721315245308892500
-1,30.35,-1,4360.83,-1,-1,13.0,0,0,0,1,0,0,0,1721315245349881400
-1,29.7,-1,4209.41,-1,-1,13.0,0,0,0,1,0,0,0,1721315245386898300
-1,29.91,-1,4209.41,-1,-1,14.0,0,0,0,1,0,0,0,1721315245423434200
-1,29.7,-1,3925.51,0.3,-1,13.0,0,0,0,1,0,0,0,1721315245476438800
-1,29.7,-1,4064.44,-1,-1,13.0,0,0,0,1,0,0,0,1721315245513994700
-1,29.91,-1,3925.51,-1,-1,13.0,0,0,0,1,0,0,0,1721315245549986400
-1,29.7,-1,3792.26,-1,-1,14.0,0,0,0,1,0,0,0,1721315245591027700
-1,29.91,-1,3792.26,-1,-1,13.0,0,0,0,1,0,0,0,1721315245628533400
-1,29.91,-1,3541.41,-1,-1,14.0,0,0,0,1,0,0,0,1721315245669539000
-1,29.91,-1,3423.23,-1,-1,13.0,0,0,0,1,0,0,0,1721315245706093300
-1,29.91,-1,3094.46,-1,-1,13.0,0,0,0,1,0,0,0,1721315245743090600
-1,29.7,-1,2588.13,-1,-1,13.0,0,0,0,0,0,0,0,1721315245784092400
-1,29.7,-1,2292.65,-1,-1,13.0,0,0,0,0,0,0,0,1721315245820661400
-1,29.91,-1,1994.9,-1,-1,13.0,0,0,0,0,0,0,0,1721315245861647200
-1,29.91,-1,1652.78,-1,-1,13.0,0,0,0,0,0,0,0,1721315245898666100
-1,29.7,-1,1159.6,-1,-1,13.0,0,0,0,0,0,0,0,1721315245935734200
-1,29.91,-1,681.99,-1,-1,13.0,0,0,0,0,0,0,0,1721315245972432200
-1,29.7,-1,248.34,-1,-1,13.0,0,0,0,0,0,0,0,1721315246012961200
-1,29.7,-1,60.95,-1,-1,13.0,0,0,0,0,0,0,0,1721315246045961400
-1,29.91,-1,35.25,-1,-1,13.0,0,0,0,0,0,0,0,1721315246082962600
-1,29.91,-1,24.87,-1,-1,13.0,0,0,0,0,0,0,0,1721315246119523800
-1,29.7,-1,24.05,-1,-1,13.0,0,0,0,0,0,0,0,1721315246156516500
-1,29.7,-1,21.26,-1,-1,14.0,0,0,0,0,0,0,0,1721315246193528800
-1,29.91,-1,18.17,-1,-1,13.0,0,0,0,0,0,0,0,1721315246230063900
-1,29.91,-1,17.79,-1,-1,13.0,0,0,0,0,0,0,0,1721315246267062800
-1,29.7,-1,18.74,-1,-1,13.0,0,0,0,0,0,0,0,1721315246304608400
-1,29.7,-1,15.37,-1,-1,13.0,0,0,0,0,0,0,0,1721315246340606400
-1,29.91,-1,13.02,-1,-1,13.0,0,0,0,0,0,0,0,1721315246373608900
-1,29.91,-1,15.56,-1,2.31,13.0,0,0,0,0,0,0,0,1721315246423155900
-1,29.91,-1,19.12,-1,8.67,13.0,0,0,0,0,0,0,0,1721315246472152000
-1,29.7,-1,22.25,-1,16.85,13.0,0,0,0,0,0,0,0,1721315246521559200
-1,29.91,-1,19.7,-1,16.67,13.0,0,0,0,0,0,0,0,1721315246570562500
-1,29.7,-1,15.56,-1,18.74,13.0,0,0,0,0,0,0,0,1721315246619120000
-1,29.7,-1,17.98,-1,20.09,13.0,0,0,0,0,0,0,0,1721315246669116100
-1,29.7,-1,18.36,-1,26.1,13.0,0,0,0,0,0,0,0,1721315246717668300
-1,29.91,-1,20.67,-1,29.48,13.0,0,0,0,0,0,0,0,1721315246762681600
-1,29.91,-1,13.56,-1,28.41,13.0,0,0,0,0,0,0,0,1721315246812211000
-1,29.91,-1,13.92,-1,30.35,13.0,0,0,0,0,0,0,0,1721315246860833400
-1,29.7,-1,13.74,-1,28.41,13.0,0,0,0,0,0,0,0,1721315246910379900
-1,29.91,-1,13.74,-1,29.7,13.0,0,0,0,0,0,0,0,1721315246959379000
-1,29.7,-1,14.28,-1,29.91,13.0,0,0,0,0,0,0,0,1721315247008914400
-1,29.7,-1,15.37,-1,45.62,13.0,0,0,0,0,0,0,0,1721315247057914200
-1,29.7,-1,15.92,-1,46.39,13.0,0,0,0,0,0,0,0,1721315247107448100
-1,29.91,-1,17.23,-1,48.99,13.0,0,0,0,0,0,0,0,1721315247156450600
-1,29.91,-1,17.23,-1,47.16,13.0,0,0,0,0,0,0,0,1721315247205213300
-1,29.91,-1,16.29,-1,48.72,13.0,0,0,0,0,0,0,0,1721315247254709500
-1,29.91,-1,15.92,-1,52.46,13.0,0,0,0,0,0,0,0,1721315247303231300
-1,30.13,-1,20.48,-1,50.58,13.0,0,0,0,0,0,0,0,1721315247352244800
-1,29.91,-1,17.98,-1,51.11,13.0,0,0,0,0,0,0,0,1721315247401243200
-1,29.91,-1,16.85,-1,32.55,13.0,0,0,0,0,0,0,0,1721315247450759700
-1,29.91,-1,13.56,-1,33.89,14.0,0,0,0,0,0,0,0,1721315247495772300
-1,29.91,-1,13.2,-1,33.66,13.0,0,0,0,0,0,0,0,1721315247545322800
-1,29.91,-1,15.37,-1,32.32,13.0,0,0,0,0,0,0,0,1721315247594320300
-1,29.91,-1,14.64,-1,28.63,13.0,0,0,0,0,0,0,0,1721315247643829400
-1,29.91,-1,13.92,-1,30.13,13.0,0,0,0,0,0,0,0,1721315247692845700
-1,29.91,-1,11.6,-1,23.25,13.0,0,0,0,0,0,0,0,1721315247741385700
-1,29.7,-1,9.69,-1,24.66,13.0,0,0,0,0,0,0,0,1721315247790380700
-1,29.91,-1,11.25,-1,21.26,13.0,0,0,0,0,0,0,0,1721315247840561500
-1,29.7,-1,10.21,-1,14.64,13.0,0,0,0,0,0,0,0,1721315247889571800
-1,29.7,-1,12.13,-1,3.1,13.0,0,0,0,0,0,0,0,1721315247934120700
-1,29.7,-1,12.66,-1,-1,13.0,0,0,0,0,0,0,0,1721315247971118800
-1,29.7,-1,12.48,-1,-1,13.0,0,0,0,0,0,0,0,1721315248007648100
-1,29.91,-1,13.74,-1,-1,13.0,0,0,0,0,0,0,0,1721315248044657200
-1,29.7,-1,12.84,-1,-1,13.0,0,0,0,0,0,0,0,1721315248081659300
-1,29.7,-1,13.02,-1,-1,13.0,0,0,0,0,0,0,0,1721315248118189300
-1,29.91,-1,13.92,-1,1.69,13.0,0,0,0,0,0,0,0,1721315248167189000
-1,29.91,-1,12.66,-1,3.9,13.0,0,0,0,0,0,0,0,1721315248212773000
-1,29.7,-1,11.78,-1,3.58,13.0,0,0,0,0,0,0,0,1721315248261762200
-1,29.91,-1,12.84,-1,8.5,13.0,0,0,0,0,0,0,0,1721315248311305300
-1,29.91,-1,13.2,-1,9.01,13.0,0,0,0,0,0,0,0,1721315248356309000
-1,29.91,-1,12.66,-1,13.74,13.0,0,0,0,0,0,0,0,1721315248405627400
-1,29.7,-1,12.13,-1,16.85,13.0,0,0,0,0,0,0,0,1721315248454633400
-1,29.91,-1,12.13,-1,17.23,13.0,0,0,0,0,0,0,0,1721315248503641600
-1,29.91,-1,13.02,-1,20.28,13.0,0,0,0,0,0,0,0,1721315248552972600
-1,29.91,-1,12.31,-1,28.84,13.0,0,0,0,0,0,0,0,1721315248601986100
-1,29.91,-1,12.84,-1,30.13,13.0,0,0,0,0,0,0,0,1721315248651500100
-1,29.91,-1,9.69,-1,29.05,13.0,0,0,0,0,0,0,0,1721315248700525500
-1,29.91,-1,9.35,-1,35.02,13.0,0,0,0,0,0,0,0,1721315248745061500
-1,29.91,-1,9.52,-1,30.35,13.0,0,0,0,0,0,0,0,1721315248794631200
-1,29.91,-1,9.86,-1,32.77,13.0,0,0,0,0,0,0,0,1721315248843704300
-1,29.91,-1,10.38,-1,32.55,13.0,0,0,0,0,0,0,0,1721315248892732900
-1,29.91,-1,11.43,-1,32.32,13.0,0,0,0,0,0,0,0,1721315248937752400
-1,29.91,-1,11.6,-1,32.77,13.0,0,0,0,0,0,0,0,1721315248986745400
-1,29.91,-1,11.25,-1,33.44,13.0,0,0,0,0,0,0,0,1721315249036272200
-1,29.91,-1,11.43,-1,34.34,13.0,0,0,0,0,0,0,0,1721315249085286100
-1,29.7,-1,11.43,-1,33.66,13.0,0,0,0,0,0,0,0,1721315249134809000
-1,29.91,-1,11.95,-1,31.66,13.0,0,0,0,0,0,0,0,1721315249183817300
-1,29.91,-1,11.95,-1,33.21,13.0,0,0,0,0,0,0,0,1721315249232376900
-1,29.91,-1,11.95,-1,30.13,13.0,0,0,0,0,0,0,0,1721315249281383800
-1,29.91,-1,11.95,-1,23.45,13.0,0,0,0,0,0,0,0,1721315249330912100
-1,29.91,-1,11.78,-1,20.28,13.0,0,0,0,0,0,0,0,1721315249379910300
-1,29.91,-1,12.31,-1,16.85,13.0,0,0,0,0,0,0,0,1721315249429457000
-1,29.91,-1,13.02,-1,18.36,13.0,0,0,0,0,0,0,0,1721315249478462100
-1,29.91,-1,13.02,-1,16.48,13.0,0,0,0,0,0,0,0,1721315249527985000
-1,29.91,-1,13.02,-1,15.37,13.0,0,0,0,0,0,0,0,1721315249576980600
-1,29.91,-1,13.2,-1,14.46,13.0,0,0,0,0,0,0,0,1721315249625526200
-1,29.91,-1,13.56,-1,15.37,13.0,0,0,0,0,0,0,0,1721315249674537000
-1,29.91,-1,13.74,-1,15.74,13.0,0,0,0,0,0,0,0,1721315249720054900
-1,29.7,-1,12.48,-1,15.74,13.0,0,0,0,0,0,0,0,1721315249769057900
-1,29.91,-1,13.38,-1,16.11,13.0,0,0,0,0,0,0,0,1721315249818306600
-1,29.7,-1,13.56,-1,14.28,13.0,0,0,0,0,0,0,0,1721315249867299200
-1,29.91,-1,13.92,-1,15.19,13.0,0,0,0,0,0,0,0,1721315249916399000
-1,29.91,-1,15.01,-1,16.29,13.0,0,0,0,0,0,0,0,1721315249965410200
-1,29.91,-1,14.82,-1,19.51,13.0,0,0,0,0,0,0,0,1721315250014975100
-1,29.91,-1,15.19,-1,20.67,13.0,0,0,0,0,0,0,0,1721315250063970700
-1,29.91,-1,14.82,-1,20.28,13.0,0,0,0,0,0,0,0,1721315250113499200
-1,29.91,-1,14.28,-1,20.67,13.0,0,0,0,0,0,0,0,1721315250162128700
-1,29.91,-1,14.1,-1,21.26,13.0,0,0,0,0,0,0,0,1721315250211671600
-1,29.7,-1,13.74,-1,21.06,13.0,0,0,0,0,0,0,0,1721315250260662600
-1,29.91,-1,14.1,-1,19.51,13.0,0,0,0,0,0,0,0,1721315250310197600
-1,29.7,-1,14.1,-1,21.46,13.0,0,0,0,0,0,0,0,1721315250359201400
-1,29.91,-1,13.56,-1,21.65,13.0,0,0,0,0,0,0,0,1721315250407736700
-1,29.7,-1,14.1,-1,21.46,13.0,0,0,0,0,0,0,0,1721315250453735900
-1,29.91,-1,13.92,-1,19.51,13.0,0,0,0,0,0,0,0,1721315250502755800
-1,29.91,-1,14.46,-1,18.74,13.0,0,0,0,0,0,0,0,1721315250551773300
-1,29.91,-1,14.46,-1,18.74,13.0,0,0,0,0,0,0,0,1721315250600771800
-1,29.91,-1,14.64,-1,22.65,13.0,0,0,0,0,0,0,0,1721315250650286900
-1,29.7,-1,16.67,-1,31.88,13.0,0,0,0,0,0,0,0,1721315250698842700
-1,29.91,-1,17.42,-1,31.22,13.0,0,0,0,0,0,0,0,1721315250747899600
-1,29.91,-1,17.98,-1,31.22,13.0,0,0,0,0,0,0,0,1721315250796920100
-1,29.91,-1,18.36,-1,30.57,13.0,0,0,0,0,0,0,0,1721315250845972800
-1,29.7,-1,17.79,-1,25.07,13.0,0,0,0,0,0,0,0,1721315250895999800
-1,29.91,-1,17.79,-1,25.9,13.0,0,0,0,0,0,0,0,1721315250944512600
-1,29.7,-1,17.79,-1,22.45,13.0,0,0,0,0,0,0,0,1721315250993595400
-1,29.91,-1,17.79,-1,20.48,13.0,0,0,0,0,0,0,0,1721315251043158400
-1,30.13,-1,17.98,-1,18.17,13.0,0,0,0,0,0,0,0,1721315251092186200
-1,29.91,-1,17.6,-1,21.65,13.0,0,0,0,0,0,0,0,1721315251141311000
-1,29.7,-1,18.36,-1,30.78,13.0,0,0,0,0,0,0,0,1721315251190322200
-1,29.91,-1,18.36,-1,38.27,13.0,0,0,0,0,0,0,0,1721315251235879500
-1,29.91,-1,19.12,-1,34.57,13.0,0,0,0,0,0,0,0,1721315251284881200
-1,29.91,-1,19.12,-1,32.99,14.0,0,0,0,0,0,0,0,1721315251333446200
-1,29.91,-1,18.93,-1,31.88,13.0,0,0,0,0,0,0,0,1721315251383437200
-1,29.91,-1,18.93,-1,27.78,13.0,0,0,0,0,0,0,0,1721315251431986500
-1,29.91,-1,18.74,-1,22.85,13.0,0,0,0,0,0,0,0,1721315251480979000
-1,29.91,-1,18.93,-1,33.44,13.0,0,0,0,0,0,0,0,1721315251530699600
-1,29.7,-1,18.93,-1,31.0,13.0,0,0,0,0,0,0,0,1721315251579696800
-1,29.91,-1,19.12,-1,23.65,13.0,0,0,0,0,0,0,0,1721315251629285100
-1,29.91,-1,18.93,-1,20.09,13.0,0,0,0,0,0,0,0,1721315251678256900
-1,29.91,-1,18.93,-1,17.04,13.0,0,0,0,0,0,0,0,1721315251726825800
-1,29.91,-1,18.93,-1,19.12,13.0,0,0,0,0,0,0,0,1721315251775826300
-1,29.91,-1,18.55,-1,19.7,13.0,0,0,0,0,0,0,0,1721315251825370300
-1,29.91,-1,17.42,-1,19.12,13.0,0,0,0,0,0,0,0,1721315251874353300
-1,29.91,-1,17.6,-1,13.38,14.0,0,0,0,0,0,0,0,1721315251923886100
-1,29.91,-1,17.79,-1,12.66,13.0,0,0,0,0,0,0,0,1721315251968885100
-1,29.91,-1,17.6,-1,9.18,13.0,0,0,0,0,0,0,0,1721315252017436000
-1,29.91,-1,17.79,-1,2.47,13.0,0,0,0,0,0,0,0,1721315252066439200
-1,29.91,-1,17.98,-1,2.0,13.0,0,0,0,0,0,0,0,1721315252115974000
-1,29.91,-1,17.6,-1,2.0,14.0,0,0,0,0,0,0,0,1721315252160999900
-1,29.91,-1,17.98,-1,-1,13.0,0,0,0,0,0,0,0,1721315252197978600
-1,29.91,-1,18.17,-1,-1,13.0,0,0,0,0,0,0,0,1721315252234527900
-1,29.91,-1,17.6,-1,-1,13.0,0,0,0,0,0,0,0,1721315252272032700
-1,29.91,-1,17.79,-1,-1,13.0,0,0,0,0,0,0,0,1721315252309135900
-1,29.91,-1,17.98,-1,-1,13.0,0,0,0,0,0,0,0,1721315252345146000
-1,29.91,-1,16.85,-1,-1,13.0,0,0,0,0,0,0,0,1721315252382139600
-1,29.91,-1,16.48,-1,-1,13.0,0,0,0,0,0,0,0,1721315252415682000
-1,29.91,-1,16.67,-1,-1,13.0,0,0,0,0,0,0,0,1721315252451680800
-1,29.91,-1,17.42,-1,-1,13.0,0,0,0,0,0,0,0,1721315252488688900
-1,29.91,-1,18.17,-1,-1,13.0,0,0,0,0,0,0,0,1721315252525205800
-1,29.91,-1,18.17,-1,-1,13.0,0,0,0,0,0,0,0,1721315252562940200
-1,30.13,-1,21.85,-1,-1,13.0,0,0,0,0,0,0,0,1721315252599191200
-1,29.91,-1,163.99,-1,-1,13.0,0,0,0,0,0,0,0,1721315252636183100
-1,29.91,-1,1023.21,-1,-1,13.0,0,0,0,0,0,0,0,1721315252673299600
-1,29.91,-1,1738.89,-1,-1,13.0,0,0,0,0,0,0,0,1721315252714183300
-1,29.91,-1,2085.76,-1,-1,13.0,0,0,0,0,0,0,0,1721315252751384300
-1,29.91,-1,2255.55,-1,-1,13.0,0,0,0,0,0,0,0,1721315252791394300
-1,29.91,-1,2255.55,-1,-1,13.0,0,0,0,0,0,0,0,1721315252828907500
-1,29.91,-1,2184.64,-1,-1,13.0,0,0,0,0,0,0,0,1721315252865952300
-1,29.91,-1,2024.35,-1,-1,13.0,0,0,0,0,0,0,0,1721315252906463400
-1,29.91,-1,1911.11,-1,-1,13.0,0,0,0,0,0,0,0,1721315252943470200
-1,29.91,-1,1884.62,-1,-1,13.0,0,0,0,0,0,0,0,1721315252984469000
-1,29.91,-1,1938.3,-1,-1,13.0,0,0,0,0,0,0,0,1721315253021018200
-1,29.91,-1,1938.3,-1,-1,13.0,0,0,0,0,0,0,0,1721315253058025800
-1,29.91,-1,1994.9,-1,-1,13.0,0,0,0,0,0,0,0,1721315253099041700
-1,29.91,-1,2024.35,-1,-1,13.0,0,0,0,0,0,0,0,1721315253135580700
-1,29.7,-1,2117.78,-1,-1,13.0,0,0,0,0,0,0,0,1721315253177015600
-1,29.7,-1,2184.64,-1,-1,13.0,0,0,0,0,0,0,0,1721315253213554700
-1,29.91,-1,2184.64,-1,-1,13.0,0,0,0,0,0,0,0,1721315253250538100
-1,29.91,-1,2292.65,-1,-1,13.0,0,0,0,0,0,0,0,1721315253291551900
-1,29.7,-1,2411.11,-1,-1,13.0,0,0,0,0,0,0,0,1721315253328081900
-1,29.91,-1,2453.19,-1,-1,13.0,0,0,0,0,0,0,0,1721315253369082800
-1,29.91,-1,2411.11,-1,-1,13.0,0,0,0,0,0,0,0,1721315253406604400
-1,29.91,-1,2292.65,-1,-1,13.0,0,0,0,0,0,0,0,1721315253443613300
-1,29.7,-1,2255.55,-1,-1,13.0,0,0,0,0,0,0,0,1721315253483620100
-1,29.91,-1,2330.9,-1,-1,13.0,0,0,0,0,0,0,0,1721315253520750100
-1,29.7,-1,2496.67,-1,-1,13.0,0,0,0,0,0,0,0,1721315253561736700
-1,29.7,-1,2992.7,-1,-1,13.0,0,0,0,0,0,0,0,1721315253598819500
-1,29.91,-1,4064.44,-1,-1,13.0,0,0,0,1,0,0,0,1721315253635422500
-1,29.91,-1,4684.79,-1,-1,13.0,0,0,0,1,0,0,0,1721315253676433800
-1,29.7,-1,5643.86,-1,-1,13.0,0,0,0,1,0,0,0,1721315253712984700
-1,29.91,-1,6102.12,-1,-1,14.0,0,0,0,1,0,0,0,1721315253753982700
-1,29.7,-1,6614.24,-1,-1,13.0,0,0,0,1,0,0,0,1721315253790986900
-1,29.27,-1,7506.36,-1,-1,14.0,0,0,0,1,0,0,0,1721315253828127400
-1,29.7,-1,8203.64,-1,0.46,13.0,0,0,0,1,0,0,0,1721315253881125700
-1,30.13,-1,7843.39,-1,-1,13.0,0,0,0,1,0,0,0,1721315253918472700
-1,29.7,-1,8203.64,-1,-1,13.0,0,0,0,1,0,0,0,1721315253955488000
-1,29.7,-1,8589.65,-1,-1,13.0,0,0,0,1,0,0,0,1721315253996477300
-1,29.91,-1,9004.22,-1,-1,13.0,0,0,0,1,0,0,0,1721315254032986500
-1,29.91,-1,9004.22,-1,-1,14.0,0,0,0,1,0,0,0,1721315254069997200
-1,29.7,-1,8203.64,-1,-1,13.0,0,0,0,1,0,0,0,1721315254110497500
-1,29.7,-1,6614.24,0.15,-1,13.0,0,0,0,1,0,0,0,1721315254159498400
-1,29.7,-1,5866.79,-1,-1,13.0,0,0,0,1,0,0,0,1721315254196507900
-1,30.13,-1,3423.23,-1,0.61,13.0,0,0,0,1,0,0,0,1721315254249755300
-1,29.7,-1,1193.03,-1,-1,13.0,0,0,0,0,0,0,0,1721315254286749200
-1,29.7,-1,616.94,-1,9.52,13.0,0,0,0,0,0,0,0,1721315254335749000
-1,29.91,-1,88.51,-1,12.84,13.0,0,0,0,0,0,0,0,1721315254385756900
-1,29.7,-1,33.66,-1,8.33,13.0,0,0,0,0,0,0,0,1721315254434288300
-1,29.7,-1,30.78,-1,6.0,13.0,0,0,0,0,0,0,0,1721315254479287800
-1,29.7,-1,24.66,-1,6.33,13.0,0,0,0,0,0,0,0,1721315254528849800
-1,29.7,-1,21.26,-1,-1,13.0,0,0,0,0,0,0,0,1721315254565842000
-1,29.7,-1,21.46,-1,-1,13.0,0,0,0,0,0,0,0,1721315254601845900
-1,29.7,-1,16.85,-1,-1,13.0,0,0,0,0,0,0,0,1721315254639370400
-1,29.91,-1,22.25,-1,-1,13.0,0,0,0,0,0,0,0,1721315254676366900
-1,29.7,-1,23.65,-1,-1,13.0,0,0,0,0,0,0,0,1721315254708906800
-1,29.91,-1,22.25,-1,-1,13.0,0,0,0,0,0,0,0,1721315254745901400
-1,29.91,-1,22.85,-1,13.38,13.0,0,0,0,0,0,0,0,1721315254794936800
-1,29.7,-1,24.26,-1,19.32,13.0,0,0,0,0,0,0,0,1721315254844454500
-1,29.7,-1,27.36,-1,22.65,13.0,0,0,0,0,0,0,0,1721315254893466000
-1,29.91,-1,22.85,-1,22.65,13.0,0,0,0,0,0,0,0,1721315254941984200
-1,29.91,-1,24.46,-1,29.05,13.0,0,0,0,0,0,0,0,1721315254990980300
-1,29.91,-1,22.65,-1,32.77,13.0,0,0,0,0,0,0,0,1721315255040530600
-1,29.7,-1,23.25,-1,39.94,13.0,0,0,0,0,0,0,0,1721315255089530600
-1,29.7,-1,17.98,-1,34.11,13.0,0,0,0,0,0,0,0,1721315255138608000
-1,29.91,-1,18.93,-1,39.7,13.0,0,0,0,0,0,0,0,1721315255188130500
-1,29.7,-1,18.17,-1,40.66,13.0,0,0,0,0,0,0,0,1721315255236672200
-1,29.7,-1,15.74,-1,36.4,13.0,0,0,0,0,0,0,0,1721315255286678300
-1,29.91,-1,13.92,-1,45.12,14.0,0,0,0,0,0,0,0,1721315255335209400
-1,29.91,-1,13.92,-1,46.9,13.0,0,0,0,0,0,0,0,1721315255380773100
-1,29.91,-1,15.01,-1,49.78,13.0,0,0,0,0,0,0,0,1721315255429331600
-1,29.7,-1,16.48,-1,47.94,13.0,0,0,0,0,0,0,0,1721315255478339700
-1,29.91,-1,13.74,-1,48.72,13.0,0,0,0,0,0,0,0,1721315255527878000
-1,29.91,-1,14.1,-1,48.72,13.0,0,0,0,0,0,0,0,1721315255576891600
-1,29.91,-1,15.92,-1,46.65,13.0,0,0,0,0,0,0,0,1721315255626396700
-1,29.91,-1,12.84,-1,48.46,13.0,0,0,0,0,0,0,0,1721315255675395400
-1,29.7,-1,13.2,-1,36.17,13.0,0,0,0,0,0,0,0,1721315255724944700
-1,29.7,-1,12.13,-1,39.7,13.0,0,0,0,0,0,0,0,1721315255773955200
-1,29.48,-1,13.92,-1,33.21,13.0,0,0,0,0,0,0,0,1721315255822495800
-1,29.7,-1,15.92,-1,29.7,13.0,0,0,0,0,0,0,0,1721315255872500000
-1,29.91,-1,15.01,-1,30.78,13.0,0,0,0,0,0,0,0,1721315255921020900
-1,29.91,-1,16.67,-1,27.15,13.0,0,0,0,0,0,0,0,1721315255970018400
-1,29.91,-1,17.23,-1,27.99,13.0,0,0,0,0,0,0,0,1721315256019576700
-1,29.91,-1,15.56,-1,26.94,13.0,0,0,0,0,0,0,0,1721315256068575000
-1,29.91,-1,13.92,-1,22.85,13.0,0,0,0,0,0,0,0,1721315256118088900
-1,29.7,-1,14.64,-1,24.87,13.0,0,0,0,0,0,0,0,1721315256163086900
-1,29.91,-1,13.92,-1,24.26,13.0,0,0,0,0,0,0,0,1721315256211629900
-1,29.7,-1,13.2,-1,30.57,13.0,0,0,0,0,0,0,0,1721315256261619500
-1,29.91,-1,12.13,-1,36.4,13.0,0,0,0,0,0,0,0,1721315256310164700
-1,29.91,-1,12.48,-1,36.17,13.0,0,0,0,0,0,0,0,1721315256359169200
-1,29.91,-1,13.56,-1,44.36,13.0,0,0,0,0,0,0,0,1721315256408705800
-1,29.91,-1,14.28,-1,53.83,13.0,0,0,0,0,0,0,0,1721315256457719800
-1,29.91,-1,14.64,-1,64.85,13.0,0,0,0,0,0,0,0,1721315256506714700
-1,30.13,-1,15.19,-1,67.95,13.0,0,0,0,0,0,0,0,1721315256556228100
-1,29.91,-1,16.11,-1,60.95,13.0,0,0,0,0,0,0,0,1721315256605255500
-1,29.91,-1,17.23,-1,43.11,13.0,0,0,0,0,0,0,0,1721315256654777700
-1,29.91,-1,16.85,-1,37.33,13.0,0,0,0,0,0,0,0,1721315256703821300
-1,29.91,-1,17.6,-1,56.06,13.0,0,0,0,0,0,0,0,1721315256752330900
-1,29.91,-1,15.74,-1,64.85,13.0,0,0,0,0,0,0,0,1721315256801359800
-1,29.91,-1,15.92,-1,67.01,13.0,0,0,0,0,0,0,0,1721315256850889300
-1,29.91,-1,27.78,-1,67.01,13.0,0,0,0,0,0,0,0,1721315256895885400
-1,29.7,-1,32.55,-1,117.87,13.0,0,0,0,0,0,0,0,1721315256950409500
-1,29.91,-1,29.7,-1,116.47,13.0,0,0,0,0,0,0,0,1721315256998407500
-1,29.91,-1,32.99,-1,116.93,13.0,0,0,0,0,0,0,0,1721315257047914500
-1,29.91,-1,27.57,-1,84.83,13.0,0,0,0,0,0,0,0,1721315257096925900
-1,29.91,-1,33.21,-1,82.67,13.0,0,0,0,0,0,0,0,1721315257145436000
-1,29.91,-1,32.1,-1,78.81,13.0,0,0,0,0,0,0,0,1721315257195453700
-1,29.91,-1,29.27,-1,81.96,13.0,0,0,0,0,0,0,0,1721315257243975600
-1,29.91,-1,30.13,-1,86.66,13.0,0,0,0,0,0,0,0,1721315257292994300
-1,29.91,-1,26.52,-1,80.9,13.0,0,0,0,0,0,0,0,1721315257342527900
-1,29.7,-1,20.09,-1,76.42,13.0,0,0,0,0,0,0,0,1721315257391525400
-1,29.91,-1,17.42,-1,63.64,13.0,0,0,0,0,0,0,0,1721315257441060100
-1,29.91,-1,15.01,-1,59.78,13.0,0,0,0,0,0,0,0,1721315257485524400
-1,29.91,-1,16.48,-1,59.78,13.0,0,0,0,0,0,0,0,1721315257535066600
-1,29.91,-1,15.37,-1,47.16,13.0,0,0,0,0,0,0,0,1721315257584068100
-1,29.91,-1,14.82,-1,51.92,13.0,0,0,0,0,0,0,0,1721315257633602000
-1,29.91,-1,14.82,-1,52.46,13.0,0,0,0,0,0,0,0,1721315257682601600
-1,29.91,-1,15.37,-1,53.01,13.0,0,0,0,0,0,0,0,1721315257731130400
-1,29.91,-1,14.46,-1,47.42,13.0,0,0,0,0,0,0,0,1721315257781122300
-1,29.91,-1,15.92,-1,44.11,13.0,0,0,0,0,0,0,0,1721315257829673100
-1,29.7,-1,15.37,-1,32.1,13.0,0,0,0,0,0,0,0,1721315257878666500
-1,29.91,-1,15.56,-1,31.44,13.0,0,0,0,0,0,0,0,1721315257928211300
-1,29.91,-1,13.92,-1,46.13,13.0,0,0,0,0,0,0,0,1721315257977211700
-1,29.91,-1,13.2,-1,44.86,13.0,0,0,0,0,0,0,0,1721315258026763300
-1,29.91,-1,11.6,-1,32.32,13.0,0,0,0,0,0,0,0,1721315258075760000
-1,29.91,-1,10.9,-1,31.22,13.0,0,0,0,0,0,0,0,1721315258124296500
-1,29.7,-1,11.95,-1,32.1,13.0,0,0,0,0,0,0,0,1721315258173589600
-1,29.27,-1,12.48,-1,31.88,13.0,0,0,0,0,0,0,0,1721315258223123400
-1,29.27,-1,12.13,-1,30.35,13.0,0,0,0,0,0,0,0,1721315258268136000
-1,29.27,-1,13.38,-1,46.9,13.0,0,0,0,0,0,0,0,1721315258317653900
-1,29.27,-1,12.13,-1,54.38,13.0,0,0,0,0,0,0,0,1721315258366658700
-1,29.27,-1,11.78,-1,56.91,13.0,0,0,0,0,0,0,0,1721315258415194900
-1,29.27,-1,12.66,-1,57.19,13.0,0,0,0,0,0,0,0,1721315258464202400
-1,29.27,-1,11.78,-1,55.5,13.0,0,0,0,0,0,0,0,1721315258514042500
-1,29.27,-1,11.6,-1,56.62,14.0,0,0,0,0,0,0,0,1721315258563045000
-1,29.05,-1,18.17,-1,58.05,13.0,0,0,0,0,0,0,0,1721315258611607600
-1,29.27,-1,21.06,-1,60.07,13.0,0,0,0,0,0,0,0,1721315258661609400
-1,29.48,-1,19.12,-1,58.62,13.0,0,0,0,0,0,0,0,1721315258710128100
-1,29.27,-1,15.01,-1,60.36,14.0,0,0,0,0,0,0,0,1721315258759131700
-1,29.27,-1,12.13,-1,55.22,14.0,0,0,0,0,0,0,0,1721315258808670700
-1,29.27,-1,11.25,-1,59.78,13.0,0,0,0,0,0,0,0,1721315258857689300
-1,29.27,-1,10.9,-1,55.5,13.0,0,0,0,0,0,0,0,1721315258906704200
-1,29.27,-1,13.38,-1,54.66,14.0,0,0,0,0,0,0,0,1721315258956233000
-1,29.27,-1,13.2,-1,49.25,13.0,0,0,0,0,0,0,0,1721315259001468800
-1,29.27,-1,12.66,-1,48.72,13.0,0,0,0,0,0,0,0,1721315259050671800
-1,29.27,-1,11.6,-1,32.99,14.0,0,0,0,0,0,0,0,1721315259099696400
-1,29.27,-1,11.25,-1,30.13,14.0,0,0,0,0,0,0,0,1721315259148233100
-1,29.05,-1,12.84,-1,17.98,13.0,0,0,0,0,0,0,0,1721315259198233000
-1,29.05,-1,12.31,-1,15.19,14.0,0,0,0,0,0,0,0,1721315259246757100
-1,29.27,-1,12.31,-1,16.11,13.0,0,0,0,0,0,0,0,1721315259295775400
-1,29.27,-1,11.25,-1,17.04,13.0,0,0,0,0,0,0,0,1721315259345450800
-1,29.27,-1,11.43,-1,17.42,13.0,0,0,0,0,0,0,0,1721315259394456900
-1,29.27,-1,10.9,-1,20.09,13.0,0,0,0,0,0,0,0,1721315259443570300
-1,29.27,-1,11.08,-1,18.17,13.0,0,0,0,0,0,0,0,1721315259492551200
-1,29.27,-1,10.9,-1,-1,14.0,0,0,0,0,0,0,0,1721315259530029400
-1,29.27,-1,10.73,-1,-1,14.0,0,0,0,0,0,0,0,1721315259566024600
-1,29.27,-1,10.73,-1,-1,14.0,0,0,0,0,0,0,0,1721315259603037600
-1,29.27,-1,10.55,-1,-1,13.0,0,0,0,0,0,0,0,1721315259636557800
-1,29.27,-1,10.38,-1,-1,13.0,0,0,0,0,0,0,0,1721315259672558100
-1,29.27,-1,10.9,-1,9.69,13.0,0,0,0,0,0,0,0,1721315259721678700
-1,29.27,-1,10.21,-1,20.67,13.0,0,0,0,0,0,0,0,1721315259771681500
-1,29.27,-1,10.73,-1,10.55,13.0,0,0,0,0,0,0,0,1721315259820217400
-1,29.05,-1,10.9,-1,-1,13.0,0,0,0,0,0,0,0,1721315259857215400
-1,29.27,-1,10.73,-1,-1,13.0,0,0,0,0,0,0,0,1721315259894223500
-1,29.05,-1,9.86,-1,1.69,13.0,0,0,0,0,0,0,0,1721315259938750900
-1,29.05,-1,9.69,-1,12.13,13.0,0,0,0,0,0,0,0,1721315259988744500
-1,29.27,-1,10.04,-1,29.91,14.0,0,0,0,0,0,0,0,1721315260037755400
-1,29.27,-1,10.38,-1,61.54,13.0,0,0,0,0,0,0,0,1721315260086753100
-1,29.27,-1,10.73,-1,60.07,13.0,0,0,0,0,0,0,0,1721315260135321500
-1,29.27,-1,10.21,-1,62.73,13.0,0,0,0,0,0,0,0,1721315260181312500
-1,29.48,-1,9.52,-1,60.66,14.0,0,0,0,0,0,0,0,1721315260229831800
-1,29.27,-1,10.73,-1,61.25,13.0,0,0,0,0,0,0,0,1721315260279336300
-1,29.27,-1,10.55,-1,61.25,14.0,0,0,0,0,0,0,0,1721315260328612400
-1,29.27,-1,10.9,-1,61.25,13.0,0,0,0,0,0,0,0,1721315260379619000
-1,29.27,-1,11.43,-1,62.14,13.0,0,0,0,0,0,0,0,1721315260426738000
-1,29.27,-1,11.6,-1,78.12,13.0,0,0,0,0,0,0,0,1721315260476165700
-1,29.27,-1,10.55,-1,103.62,14.0,0,0,0,0,0,0,0,1721315260524706500
-1,29.27,-1,10.04,-1,93.87,14.0,0,0,0,0,0,0,0,1721315260573707500
-1,29.27,-1,11.43,-1,94.26,14.0,0,0,0,0,0,0,0,1721315260623262100
-1,29.27,-1,11.6,-1,81.25,14.0,0,0,0,0,0,0,0,1721315260672246900
-1,29.27,-1,11.43,-1,80.2,14.0,0,0,0,0,0,0,0,1721315260721792100
-1,29.27,-1,11.08,-1,78.46,14.0,0,0,0,0,0,0,0,1721315260770853400
-1,29.27,-1,11.6,-1,59.49,13.0,0,0,0,0,0,0,0,1721315260820240900
-1,29.27,-1,11.6,-1,47.16,14.0,0,0,0,0,0,0,0,1721315260868684800
-1,29.27,-1,11.6,-1,55.5,14.0,0,0,0,0,0,0,0,1721315260918208600
-1,29.27,-1,12.48,-1,68.26,14.0,0,0,0,0,0,0,0,1721315260963220700
-1,29.27,-1,12.31,-1,90.78,14.0,0,0,0,0,0,0,0,1721315261012604200
-1,29.27,-1,12.31,-1,116.93,14.0,0,0,0,0,0,0,0,1721315261066011300
-1,29.27,-1,11.95,-1,131.69,14.0,0,0,0,0,0,0,0,1721315261114862000
-1,29.27,-1,11.95,-1,128.61,14.0,0,0,0,0,0,0,0,1721315261163748400
-1,29.48,-1,12.48,-1,117.87,14.0,0,0,0,0,0,0,0,1721315261212713900
-1,29.05,-1,12.48,-1,95.05,14.0,0,0,0,0,0,0,0,1721315261262591600
-1,29.05,-1,11.95,-1,76.42,14.0,0,0,0,0,0,0,0,1721315261311515200
-1,29.27,-1,10.73,-1,46.65,14.0,0,0,0,0,0,0,0,1721315261360876200
-1,29.27,-1,11.08,-1,19.89,14.0,0,0,0,0,0,0,0,1721315261409676300
-1,29.48,-1,11.25,-1,4.22,14.0,0,0,0,0,0,0,0,1721315261459050300
-1,29.27,-1,11.6,-1,-1,13.0,0,0,0,0,0,0,0,1721315261491060400
-1,29.27,-1,12.31,-1,-1,13.0,0,0,0,0,0,0,0,1721315261528061400
-1,29.27,-1,11.95,-1,-1,13.0,0,0,0,0,0,0,0,1721315261565396300
-1,29.27,-1,12.66,-1,-1,13.0,0,0,0,0,0,0,0,1721315261601749700
-1,29.27,-1,12.13,-1,-1,13.0,0,0,0,0,0,0,0,1721315261638492000
-1,29.27,-1,11.95,-1,3.74,13.0,0,0,0,0,0,0,0,1721315261687971400
-1,29.27,-1,12.48,-1,11.78,13.0,0,0,0,0,0,0,0,1721315261737260900
-1,29.27,-1,12.66,-1,22.25,13.0,0,0,0,0,0,0,0,1721315261786694300
-1,29.27,-1,12.48,-1,21.65,14.0,0,0,0,0,0,0,0,1721315261831712700
-1,29.27,-1,13.02,-1,22.25,13.0,0,0,0,0,0,0,0,1721315261880734700
-1,29.27,-1,13.2,-1,22.25,13.0,0,0,0,0,0,0,0,1721315261929524500
-1,29.27,-1,14.1,-1,16.48,14.0,0,0,0,0,0,0,0,1721315261979178700
-1,29.27,-1,13.56,-1,15.01,13.0,0,0,0,0,0,0,0,1721315262028187900
-1,29.27,-1,14.28,-1,16.67,13.0,0,0,0,0,0,0,0,1721315262077474900
-1,29.48,-1,14.46,-1,17.6,13.0,0,0,0,0,0,0,0,1721315262126406700
-1,29.27,-1,14.64,-1,12.66,14.0,0,0,0,0,0,0,0,1721315262175118600
-1,29.27,-1,15.01,-1,10.38,13.0,0,0,0,0,0,0,0,1721315262224839400
-1,29.27,-1,15.01,-1,-1,13.0,0,0,0,0,0,0,0,1721315262262029200
-1,29.05,-1,15.19,-1,-1,13.0,0,0,0,0,0,0,0,1721315262298836100
-1,29.27,-1,15.19,-1,-1,13.0,0,0,0,0,0,0,0,1721315262335685100
-1,29.27,-1,14.82,-1,-1,13.0,0,0,0,0,0,0,0,1721315262371788500
                                                                                                                                                                                                                                                                                                                                                                                                                                                                                                                                                                                                                                                                                                                                                                                                                                                                                                                                                                                                                         